text,narrator,grader,source,page_or_number,grade,book,topic
قال أبو هريرةَ :الإيمانُنَزِهٌ فمن زنا فارقهالإيمانُ، فمن لام نفسَه وراجع راجعَهالإيمانُ.,أبو زرعة بن عمرو بن جرير,الألباني,الإيمان لابن أبي شيبة,16,إسناده صحيح موقوفا,الإيمان لابن أبي شيبة,الإيمان
رأسُالإيمانِالمحبَّةُ للهِ عزَّ وجلَّ وطابعُالإيمانِ: البِرُّ والعدلُ ، وتحقيقُالإيمانِبإكرامِ ذي الدِّينِ وذي الشيبةِ  .,محمد بن مسلم بن شهاب الزهري,ابن رجب,رياض القدس,3/ 300,مرسل,رياض القدس,الإيمان
البَذاذةُ منَالإيمانِ[يعني حديث: ألَا تسمَعون! ألَا تسمَعون! إنَّ البَذَاذةَ مِنالإيمانِ، إنَّ البَذَاذةَ مِنالإيمانِ. يعني التَّقحُّلَ.]  .,[أبو أمامة إياس بن ثعلبة الحارثي],البهوتي,كشاف القناع,1/286,رجاله ثقات,كشاف القناع,الإيمان
البَذاذَةُ منالإيمانِ[يعني حديث: ألَا تسمَعون! ألَا تسمَعون! إنَّ البَذَاذةَ مِنالإيمانِ، إنَّ البَذَاذةَ مِنالإيمانِ. يعني التَّقحُّلَ.]  .,[أبو أمامة إياس بن ثعلبة الحارثي],السفاريني الحنبلي,شرح كتاب الشهاب,281,إسناده صحيح,شرح كتاب الشهاب,الإيمان
البَذاذةُ منَالإيمانِ[يعني حديث: ألَا تسمَعون! ألَا تسمَعون! إنَّ البَذَاذةَ مِنالإيمانِ، إنَّ البَذَاذةَ مِنالإيمانِ. يعني التَّقحُّلَ.]  .,[أبو أمامة إياس بن ثعلبة الحارثي],محمد ابن عبد الوهاب,الحديث لابن عبدالوهاب,1/295,رجاله ثقات,الحديث لابن عبدالوهاب,الإيمان
البَذَاذةُ منالإيْمانِ[يعني حديث: ألا تسمَعون، ألا تسمَعون، إنَّ البذاذةَ منَالإيمانِ، إنَّ البذاذةَ منَالإيمانِ» يعني التَّقحُّلَ]  .,أبو أمامة إياس بن ثعلبة الحارثي,الألباني,صحيح الجامع,2879,صحيح,صحيح الجامع,الإيمان
البَذاذةُ منَالإيمانِ[يعني حديث: ألَا تسمَعون! ألَا تسمَعون! إنَّ البَذَاذةَ مِنالإيمانِ، إنَّ البَذَاذةَ مِنالإيمانِ. يعني التَّقحُّلَ.]  .,[أبو أمامة إياس بن ثعلبة الحارثي],الألباني,شرح الطحاوية,340,حسن,شرح الطحاوية,الإيمان
البَذاذَةُ منالإيمانِ[يعني حديث: ألَا تسمَعون! ألَا تسمَعون! إنَّ البَذَاذةَ مِنالإيمانِ، إنَّ البَذَاذةَ مِنالإيمانِ. يعني التَّقحُّلَ.]  .,أبو أمامة إياس بن ثعلبة الحارثي,شعيب الأرناووط,تخريج شرح السنة,4/265-266,حسن,تخريج شرح السنة,الإيمان
البَذاذَةُ منالإيمانِ[يعني حديث: ألَا تسمَعون! ألَا تسمَعون! إنَّ البَذَاذةَ مِنالإيمانِ، إنَّ البَذَاذةَ مِنالإيمانِ. يعني التَّقحُّلَ.]  .,[أبو أمامة إياس بن ثعلبة الحارثي],شعيب الأرناؤوط,تخريج سير أعلام النبلاء,13/ 583- 584,رجاله ثقات,تخريج سير أعلام النبلاء,الإيمان
«البَذاذةُ مِنَالإيمانِ، البَذاذةُ مِنَالإيمانِ».  .,[أبو أمامة إياس بن ثعلبة الحارثي],الحاكم,المستدرك على الصحيحين,18,«قد احتج مسلم بصالح بن أبي صالح السمان»,المستدرك على الصحيحين,الإيمان
الصَّبرُ نصفُالإيمانِ، واليقينُالإيمانُكلُّه  .,عبدالله بن مسعود,أبو نعيم,حلية الأولياء,5/38,تفرد به المخزومي عن سفيان بهذا الإسناد,حلية الأولياء,الإيمان
الصبرُ نصفُالإيمانِواليقينُالإيمانُكلُّه  .,عبدالله بن مسعود,البيهقي,الآداب للبيهقي,473,مرفوع وموقوف والموقوف أصح,الآداب للبيهقي,الإيمان
الصَّبرُ نصفُالإيمانِواليقينُالإيمانُكلُّهُ  .,عبدالله بن مسعود,البيهقي,شعب الإيمان,7/3180,تفرد به يعقوب,شعب الإيمان,الإيمان
البذاذةُ منَالإيمانِالبذاذةُ منَالإيمانِ.,كعب بن مالك,ابن عبدالبر,التمهيد,24/11,لا يصح من جهة الإسناد,التمهيد,الإيمان
الصَّبرُ نِصفُالإيمانِواليقينُالإيمانُكلُّهُ  .,عبدالله,ابن الجوزي,العلل المتناهية,2/815,تفرد بروايته محمد بن خالد عن الثوري ومحمد بن خالد مجروح قال يحيى والنسائي يعقوب بن حميد ليس بشيء,العلل المتناهية,الإيمان
حديثُ: كَراهَةِالطَّهارةِبالماءِ المُشمَّسِ.  .,عبدالله بن عمر,النووي,فتاوى النووي,17,ضعيف جدًّا,فتاوى النووي,الطهارة
إذا نامَ العبدُ علىالطهارةِرفعَ بروحهِ إلى العرشِ  .,-,السبكي (الابن),طبقات الشافعية الكبرى,6/306,[لم أجد له إسنادا],طبقات الشافعية الكبرى,الطهارة
"""خَمْسٌ مِن الفِطْرةِ""، فذَكَرَ فيها الخِتانَ، وقد تَقدَّمَ فيالطَّهارةِ.  .",-,عبد الحق الإشبيلي,الأحكام الوسطى,4/ 143,سكت عنه [وقالَ في المقدمة: وإن لم تكن فيه علة كانَ سكوتي عنه دليلا على صحته],الأحكام الوسطى,الطهارة
حديثُ: كَراهَةِالطَّهارةِبالماءِ المُشمَّسِ [يعني حديث: نهى رسولُ اللهِ صلى الله عليه وسلم أن يتوضّأ بالماءِ المشمّسِ أو يُغتسلَ بهِ وقال إنه يورِثُ البرصَ]  .,عائشة,النووي,فتاوى النووي,17,ضعيف جدًّا,فتاوى النووي,الطهارة
[أنَّ النبيَّ صلَّى اللهُ عليه وسلَّمَ، سُئلَ عن الحِياضِ التي بيْنَ مكَّةَ والمدينةِ، تَرِدُها السِّباعُ، والكلابُ، والحُمُرُ، وعنالطَّهارةِمنها؟ فقال: لها ما حمَلتْ في بطونِها، ولنا ما غبَرَ طَهورٌ].  .,أبو سعيد الخدري,محمد ابن عبدالهادي,تنقيح التحقيق,1/76,[فيه] عبد الرَّحمن بن زيد بن أسلم، لم يتَفقوا على تضعيفه  الرَّحمن بن زيد بن أسلم ينا],تنقيح التحقيق,الطهارة
أنَّ النَّبيَّ صلَّى اللهُ عليهِ وسلَّمَ سُئلَ عنِ الحِياضِ الَّتي بينَ مَكةَ والمدينةِ ، تردُها السِّباعُ والكلابُ والحمرُ وعنِالطَّهارةِمنها فقالَ لَها ما حملت في بُطونِها ولنا ما غَبَرَ طَهورٌ  .,أبو سعيد الخدري,الألباني,ضعيف ابن ماجه,103,ضعيف,ضعيف ابن ماجه,الطهارة
أن رسولَ اللهِ صلى الله عليه وسلم سُئِلَ عن الحِياضِ التي بين مكة والمدينةَ تَردُها السباعُ والكلابُ والحُمُرُ وعنالطهارةِبها فقال : لها ما حَمَلَتْ في بطونها ولنا ما غَبّرَ طهورٌ  .,أبو سعيد الخدري,الضياء المقدسي,السنن والأحكام,1/26,[فيه] عبد الرحمن بن زيد بن أسلم عن أبيه وهو متكلم فيه ، ضعفه أحمد وعلي بن المديني وغيرهما,السنن والأحكام,الطهارة
أنَّ رسولَ اللهِ صلَّى اللهُ عليه وسلم سئلَ عن الحياضِ التي بين مكةَ والمدينةِ ترِدُها السباعُ والكلابُ والحمُرُ ، وعنالطهارةِبها ، فقال : لها ما حملتْ في بطونِها ولنا ما غَبَرَ طَهورٌ  .,أبو سعيد الخدري,ابن القيم,إغاثة اللهفان,1/247,وإن كان في إسناده مقال فإنا ذكرناه للاستشهاد لا للاعتماد,إغاثة اللهفان,الطهارة
"أنَّ النَّبيَّ صلَّى اللهُ عليه وسلَّمَ سُئِلَ عنِ الحِياضِ التي بيْنَ مكَّةَ والمدينةِ، تَرِدُها السِّباعُ والكِلابُ والحُمُرُ، وعنِالطَّهارةِمنها؟ فقال رسولُ اللهِ صلَّى اللهُ عليه وسلَّمَ: ""لها ما حمَلتْ في بُطونِها، ولنا ما غَبَر، طَهورٌ.  .",أبو سعيد الخدري,شعيب الأرناؤوط,تخريج المسند لشعيب,17/191,في إسناده عبد الرحمن بن زيد، قال ابن معين: ليس حديثه بشيء، وضعفه ابن المديني جدا، قال البيهقي: لا يحتج بأمثاله، وقد روي من وجه آخر عن ابن عمر، مرفوعا، وليس بمشهور.,تخريج المسند لشعيب,الطهارة
لمَّا نزل قولُه تعالَى :  فِيهِ رِجَالٌ يُحِبُّونَ أَنْ يَتَطَهَّرُوا وَاللَّهُ يُحِبُّ الْمُطَّهِّرِينَ  [ التوبة : 108 ] قال رسولُ اللهِ صلَّى اللهُ عليه وسلَّم لأهلِ قُباءَ : ما هذهالطَّهارةُالَّتي أثنَى اللهُ بها عليكم ؟ قالوا : كنَّا نجمعُ بين الماءِ والحجَرِ .  .,عبدالله بن عباس,العراقي,تخريج الإحياء للعراقي,1/182,إسناده ضعيف,تخريج الإحياء للعراقي,الطهارة
سُئل عليُّ بنُ أبي طالبٍ رضِي اللهُ عنه عن الوقوفِ بالجبلِ ولمَ لم يكُنْ في الحرمِ قال لأنَّ الكعبةَ بيتُ اللهِ والحرمُ بابُ اللهِ فلمَّا قصدوه وافدين أوقفهم بالبابِ يتضرَّعون قيل يا أميرَ المؤمنين فالوقوفُ بالمشعَرِ الحرامِ قال لأنَّه لمَّا أذِن لهم بالدُّخول إليه وقَفهم بالحجابِ الثَّاني وهو المزدلفةُ فلمَّا أن طال تضرُّعُهم أذِن لهم بتقريبِ قربانِهم بمنًى فلمَّا أن قضَوْا تفثَهم وقرَّبوا قربانَهم فتطهَّروا بها من الذُّنوبِ الَّتي كانت عليهم أذِن لهم بالزِّيارةِ إليه علىالطَّهارةِقيل يا أميرَ المؤمنين فمن أين حُرِّم الصِّيامُ أيَّامَ التَّشريقِ قال لأنَّ القومَ زوَّارُ اللهِ وهم في ضيافتِه ولا يجوزُ للضَّيفِ أن يصومَ دون إذنِ من أضافه قيل يا أميرَ المؤمنين فتعلُّقُ الرَّجلِ بأستارِ الكعبةِ لأيِّ معنًى هو قال هو مثلُ الرِّجل بينه وبين صاحبِه جنايةٌ فيتعلَّقُ بثوبِه ويتنصَّلُ إليه ويتخدَّعُ له ليهبَ له جنايتَه  .,أبو سليمان الدارني,المنذري,الترغيب والترهيب,2/197,[روي ] عن ذي النون من قوله وهو عندي أشبه,الترغيب والترهيب,الطهارة
سُئِلَ عليُّ بنُ أبي طالِبٍ عنِ الوُقوفِ : لِمَ كان بالجبلِ ؟ ولِمَ لمْ يكُنْ في الحَرَمِ ؟ قال َ: لأنَّ الكعبةَ بيتُ اللهِ ، والحَرَمُ بابُ اللهِ ، فلَمَّا قَصدُوهُ وافِدينَ أوقَفَهُمْ بالبابِ يتَضرَّعُونَ . قِيلَ : يا أميرَ المؤمنينَ ! فالوُقوفُ بالمَشْعَرِ الحرامِ ؟ قال : لأنَّهُ لَمَّا أُذِنَ لهمُ بالدُّخولِ إليه أوقَفَهمْ بالحِجابِ الثانِي وهوَ ( المُزدِلَفةُ ) ، فلَمَّا أنْ طالَ تضرُّعُهمْ أذِنَ لهمْ بتقرِيب قُربانِهمْ بِمَنًى ، فلَمَّا أنْ قَضَوا تفَثَهمْ وقرَّبُوا قُربانَهمْ فتَطَهَّرُوا بِها من الذُّنوبِ الَّتي كانَتْ عليهم ، أُذِنَ لهمْ بالزِّيارةِ إليه علىالطَّهارةِ. قِيلَ : يا أميرَ المؤمنينَ فمِنْ أين حُرِّمَ الصيامُ أيَّامَ التشريقِ ؟ قال : لأنَّ القومَ زُوَّارُ اللهِ ، وهُمْ في ضيافتِه ، ولا يَجوزُ للضَّيفِ أنْ يصومَ دُونَ إذنِ مَنْ أضافَهُ . قِيلَ : يا أميرَ المؤمنينَ ! فتَعلُّقُ الرجلِ بأستارِ الكعبةِ لأيِّ معنًى هو ؟ قال : هوَ مِثلُ الرجلِ بينهُ وبينَ صاحِبِهِ جِنايةٌ ، فيَتعلَّقُ بثوْبِهِ ، ويتَنصَّلُ إليه ويتَخدَّعُ لهُ ؛ ليَهِبَ لهُ جِنايتَهُ .  .,أبو سليمان الداراني,الألباني,ضعيف الترغيب,747,ضعيف,ضعيف الترغيب,الطهارة
عن عبيد الله بن عبد الله بن عتبة قال: دخَلْتُ على عائشةَ رضِيَ اللهُ عنها، فقلْتُ: ألَا تُحَدِّثِيني عن مَرضِ رسولِ اللهِ صلَّى اللهُ عليه وسلَّم؟ فقالتْ: بلى. فذكَرَ الحديثَ بطولِه قد نقَلْناه في كتابِالطَّهارةِ، إلى أنْ قالت: فأرسَلَ رسولُ اللهِ صلَّى اللهُ عليه وسلَّم إلى أبي بكرٍ أنْ يُصلِّيَ بالنَّاسِ، فأتاه الرسولُ فقال: إنَّ رسولَ اللهِ صلَّى اللهُ عليه وسلَّم يَأمُرُك أنْ تُصلِّيَ بالنَّاسِ، فقال أبو بكرٍ -وكان رجلًا رَقيقًا-: يا عمرُ، صَلِّ بالنَّاسِ، قال عمرُ: أنتَ أحقُّ بذلك، ففعَلَ، فصلَّى بهم أبو بكرٍ تلك الأيَّامَ، ثمَّ إنَّ رسولَ اللهِ صلَّى اللهُ عليه وسلَّم وجَدَ مِن نفْسِه خِفَّةً، فخرَجَ بيْن رجُلَينِ -أحدُهما العبَّاسُ- لصلاةِ الظُّهرِ، وأبو بكرٍ يُصلِّي بالنَّاسِ، فلمَّا رآهُ أبو بكرٍ ذهَبَ لِيَتَأَخَّرَ، فأَومَى إليه النَّبيُّ صلَّى اللهُ عليه وسلَّم ألَّا يَتأخَّرَ، وقال لهما: أجْلِساني إلى جَنبِه، فأجْلَساهُ إلى جَنبِ أبي بكرٍ رضِيَ اللهُ عنه، قالت: فجعَلَ أبو بكرٍ يُصلِّي بصلاةِ رسولِ اللهِ صلَّى اللهُ عليه وسلَّم وهو قائمٌ، والنَّاسُ يُصلُّون بصلاةِ أبي بكرٍ، ورسولُ اللهِ صلَّى اللهُ عليه وسلَّم قاعدٌ. قال عُبيدُ اللهِ بنُ عبدِ اللهِ: فدخَلْتُ على عبدِ اللهِ بنِ عبَّاسٍ، فقلْتُ له: ألَا أَعرِضُ عليك ما حدَّثتْني عائشةُ عن مَرضِ رسولِ اللهِ صلَّى اللهُ عليه وسلَّم؟ قال: هاتِ، فعرَضْتْ عليه حديثَها، فما أنكَرَ منه شيئًا، غيرَ أنَّه قال: أَسَمَّتْ لكَ الرَّجلَ الآخَرَ الَّذي كان معَ العبَّاسِ؟ فقلتُ: لا، قال: هو علِيٌّ رضِيَ اللهُ عنه.  .,عائشة أم المؤمنين,البيهقي,السنن الكبرى للبيهقي,3/80,حسن سياق زائدة بن قدامة للحديث يدل على حفظه وأن غيره لم يحفظه كحفظه، وروي من وجه آخر,السنن الكبرى للبيهقي,الطهارة
جاء رجلٌ إلى النبيِّ صلَّى اللهُ عليهِ وسلَّمَ فقال: إني سائِلُك عمَّا في الدنيا والآخرةِ فقال له: سلْ عمَّا بدا لك، قال: يا نبيَّ اللهِ أحبُّ أنْ أكونَ أعلمَ الناسِ قال: اتقِ اللهَ تكنْ أعلمَ الناسِ. فقال: أحبُّ أنْ أكونَ أغنى النَّاسِ قال: كن قنِعًا تكنْ أغنى الناسِ. قال: أحبُّ أن أكونَ خيرَ الناسِ فقال: خيرُ الناسِ من ينفعُ الناسَ فكن نافعًا لهم. فقال: أحبُّ أن أكونَ أعدلَ الناسِ قال: أحبَّ للناسِ ما تحبُّ لنفسِكَ تكنْ أعدلَ الناسِ. قال: أحبُّ أن أكونَ أخصَّ الناسِ إلى اللهِ تعالى قال: أكثرْ ذكرَ اللهِ تكنْ أخصَّ العبادِ إلى اللهِ تعالى. قال: أحبُّ أنْ أكونَ من المحسنين قال: اعبدِ اللهَ كأنك تراهُ فإنْ لم تكنْ تراه فإنه يراك. قال: أحبُّ أن يكمُلَ إيماني قال: حسِّنْ خُلقَكَ يكمُلْ إيمانُك. فقال: أحبُّ أنْ أكونَ من المطيعين، قال: أدِّ فرائضَ اللهِ تكن مطيعًا. فقال: أحبُّ أنْ ألقى اللهَ نقيًّا من الذنوبِ، قال اغتسلْ من الجنابةِ متطهِّرًا تلقى اللهَ يومَ القيامةِ وما عليك ذنبٌ. قال: أحبُّ أنْ أُحشـرَ يومَ القيامةِ في النورِ قال: لا تظلمْ أحدًا تحشـرْ يومَ القيامةِ في النورِ. قال: أحبُّ أنْ يرحمَني ربي قال: ارحمْ نفسَكَ وارحمْ خلقَ اللهِ يرحمْكَ اللهُ. قال: أحبُّ أنْ تقلَّ ذنوبي قال: استغفرِ اللهَ تقلَّ ذنوبُكَ. قال: أحبُّ أنْ أكونَ أكرمَ الناسِ قال: لا تشكوَنَّ اللهَ إلى الخلقِ تكنْ أكرمَ الناسِ. فقال: أحبُّ أنْ يوسَّعَ عليَّ في الرزقِ، قال: دُمْ علىالطهارةِيوسَّعْ عليك في الرزقِ. قال: أحبُّ أن أكونَ من أحبَّاءِ اللهِ ورسولِه، قال: أحِبَّ ما أحبَّ اللهُ ورسولُه وأبغضْ ما أبغضَ اللهُ ورسولُه. قال: أحبُّ أن أكونَ آمنًا من سخطِ اللهِ، قال: لا تغضبْ على أحدٍ تأمنْ من غضبَ اللهِ وسَخطِه. قال: أحبُّ أنْ تُستجابَ دعوتي، قال: اجتنبِ الحرامَ تستَجَبْ دعوتُك. قال: أحبُّ لا يفضحنُي اللهُ على رؤوسِ الأشهادِ، قال: احفظْ فرجَك كيلا تُفتَضحَ على رؤوسِ الأشهادِ. قال: أحبُّ أن يسترَ اللهُ عليَّ عيوبي قال: استرْ عيوبَ إخوانِك يسترِ اللهُ عليك عيوبَك. قال: ما الَّذي يسكنُ غضبَ الرَّحمنِ؟ قال: إخفاءُ الصدقةِ وصلةُ الرَّحِمِ. قال: ما الذي يطْفِئُ نارَ جهنمَ؟ قال: الصومُ  .,خالد بن الوليد,ابن باز,مجموع فتاوى ابن باز,26/330,موضوع ورواته مجاهيل وكأن واضعه جمع متنه من الأحاديث الصحيحة ومن بعض كلام أهل العلم وبعض ألفاظه منكرة لا توافق الأدلة الشرعية.,مجموع فتاوى ابن باز,الطهارة
لكلِّ شيءٍطهارةٌوغسلٌ ،وطهارةُقلوبِ المؤمنين من الصَّدأِ : الصَّلاةُ عليَّ صلَّى اللهُ عليه وسلَّم  .,محمد بن القاسم,السخاوي,القول البديع,196,معضل,القول البديع,الطهارة
ابتغوا في أموالِ اليتامَى لا تأكلُهاالزَّكاةُ، وقال : لا تُذهبُهاالزَّكاةُ.,-,ابن عبدالبر,الاستذكار,6/6,مرسل,الاستذكار,الزكاة
سُئِلَ النَّبيُّ صلَّى اللَّهُ عليهِ وسلَّمَ عنِالزَّكاةِ؟ فقالَ : إنَّ في المالِ لحقًّا سِوَىالزَّكاةِ.,فاطمة بنت قيس,السيوطي,تدريب الراوي,1/447,مردود من قبل ضعف راويه لا من قبل اضطرابه,تدريب الراوي,الزكاة
عن عبدِ اللَّهِ بنِ مسعودٍ قالَ من كسبَ طيِّبًا خبَّثتْهُ منعُالزَّكاةِومن كسبَ خبيثًا لم تطيِّبْهُالزَّكاةُ.,-,الهيثمي,مجمع الزوائد,3/68,إسناده منقطع,مجمع الزوائد,الزكاة
عن عبدِ اللهِ بنِ مسعودٍ قال من كسب طيبًا خبَّثه منْعُالزكاةِ، ومن كسب خبيثًا لم تُطَيِّبْهالزكاةُ.,-,الألباني,ضعيف الترغيب,471,ضعيف موقوف,ضعيف الترغيب,الزكاة
أمرنا رسولُ اللهِ صلَّى اللهُ عليه وسلَّم بصدقةِ الفِطرِ قبل أن تنزِلَالزَّكاةُفلمَّا نزلتِالزَّكاةُلم يأمرْنا ولم ينهَنا  .,قيس بن عباد أو عبادة,الصنعاني,سبل السلام,2/217,غير صحيح,سبل السلام,الزكاة
عن عبدِ اللهِ بنِ مسعودٍ رضِي اللهُ عنه قال من كسِب طيِّبًا خَبَّثه منعُالزَّكاةِومن كسِب خبيثًا لم تُطَيِّبْهالزَّكاةُ.,-,المنذري,الترغيب والترهيب,2/16,إسناده منقطع,الترغيب والترهيب,الزكاة
أمرَنا رسولُ اللَّهِ صلَّى اللَّهُ عليهِ وسلَّمَ بصَدقةِ الفطرِ قبلَ أن تنزلَالزَّكاةُ، فلمَّا نزلَتِالزَّكاةُ، لم يأمُرْنا، ولم ينهَنا ونحنُ نفعلُهُ  .,قيس بن سعد,ابن خزيمة,صحيح ابن خزيمة,4/ 137,أخرجه في صحيحه,صحيح ابن خزيمة,الزكاة
أمَرَنا رَسولُ اللهِ صلَّى اللهُ عليه وسلَّمَ بصَدَقةِ الفِطرِ قَبْلَ أن تَنزِلَالزَّكاةُ، فلمَّا نَزَلَتالزكاةلم يَأمُرْنا ولم يَنْهَنا، ونَحنُ نَفعَلُه.  .,قيس بن سعد,الحاكم,المستدرك على الصحيحين,1510,صحيح على شرط الشيخين,المستدرك على الصحيحين,الزكاة
أَمَرَنَا رسولُ اللهِ صلَّى اللهُ عليهِ وسلَّمَ بصدقةِ الفطرِ قبلَ أن تتنزَّلَالزكاةُفلمَّا نزلتِالزكاةُلم يأمرْنا ولم ينهَنا ونحنُ نفعلُه  .,قيس بن سعد,النووي,المجموع للنووي,6/104,مداره على أبي عمار ولا يعلم حاله في الجرح والتعديل,المجموع للنووي,الزكاة
أمَرَنا رَسولُ اللهِ صَلَّى اللهُ عليه وسلَّمَ بصَدَقةِ الفِطرِ قَبلَ أنْ تَنزِلَالزَّكاةُ، فلَمَّا نَزَلتِالزَّكاةُلم يأْمُرْنا ولم يَنْهَنا ونحن نَفعَلُه.  .,قيس بن سعد,القسطلاني,إرشاد الساري,3/85,في إسناده راوٍ مجهول,إرشاد الساري,الزكاة
أمرَنا رسولُ اللهِ صلَّى اللهُ عليْهِ وسلَّمَ بصدقةِ الفطرِ قبلَ أن تُنزَلَالزكاةُ، فلمَّا نزلَتِالزكاةُلم يأمرْنا ولم يَنهَنا ونحنُ نفعلُهُ  .,قيس بن سعد,ابن حجر العسقلاني,فتح الباري لابن حجر,3/430,في إسناده مجهول,فتح الباري لابن حجر,الزكاة
أَمَرَنا رسولُ اللهِ صلَّى اللهُ عليه وسلَّم بصَدَقةِ الفِطرِ قبلَ أنْ تَنزِلَالزَّكاةُ، فلما نَزَلتِالزَّكاةُلم يَأمُرْنا، ولم يَنْهَنا، ونحنُ نفعَلُه.  .,قيس بن سعد,أحمد شاكر,تخريج المحلى,6/118,إسناده صحيح,تخريج المحلى,الزكاة
أمرَنا رسولُ اللَّهِ صلَّى اللَّهُ علَيهِ وسلَّمَ بصَدَقةِ الفطرِ قبلَ أن تَنزِلَالزَّكاةُ، فلمَّا نزلتِالزَّكاةُ، لم يأمُرْنا، ولَم ينهَنا، ونحنُ نفعلُهُ  .,قيس بن سعد,الألباني,صحيح النسائي,2506,صحيح,صحيح النسائي,الزكاة
واللهِ لَأُقاتِلَنَّ مَن فَرَّق بين الصلاةِ والزكاةِفإنَّالزكاةَحقُّ المالِ واللهِ لَئِن منعوني عِقالًا كانوا يؤدُّونه لرسولِ اللهِ لَقاتَلْتُهم عليه  .,أبو هريرة,الألباني,تخريج مشكلة الفقر,65,صحيح,تخريج مشكلة الفقر,الزكاة
أمرَنا رسولُ اللهِ صلَّى اللهُ عليه وسلم بصدقةِ الفطرِ قبل أن تنزِلَالزكاةُ، فلمَّا نزلتِالزكاةُلم يأمرْنا ولم ينهَنا ، ونحن نفعلُهُ  .,قيس بن سعد,الألباني,صحيح ابن ماجه,2/112,صحيح,صحيح ابن ماجه,الزكاة
الصيامُجُنَّةٌ ، وهوحِصْنٌ مِنْ حصونِ المؤمِنِ ، وكُلُّ عملٍ لصاحِبِهِ إلَّاالصيامُ، يقولُ اللهُ :الصيامُلِي ، و أنا أجزي بِهِ  .,أبو أمامة الباهلي,الألباني,صحيح الجامع,3881,حسن,صحيح الجامع,الصيام
أعِفُّواالصِّيامَ؛ فإنَّالصِّيامَليس مِن الطَّعامِ، ولا مِن الشَّرابِ، ولكنَّالصِّيامَمِن المعاصي، فإذا صامَ أحدُكم، فجهِلَ عليه رجُلٌ أو شتَمَه، فلْيقُلْ: إنِّي صائمٌ.  .,أبو هريرة,البوصيري,إتحاف الخيرة المهرة,3/106,[فيه] طلحة بن عمرو وهو ضعيف,إتحاف الخيرة المهرة,الصيام
الصِّيامُنِصفُ الصَّبرِ، وعلى كُلِّ شَيءٍ زَكاةٌ، وزَكاةُ الجَسَدِالصِّيامُ.,أبو هريرة,زين الدين المناوي,فيض القدير,4/ 251,فيه محمد بن يعقوب قال الذّهبي: له مناكير، وموسى بن عبيد ضعفوه وقال أحمد: لا تحل الرُّواية عليه,فيض القدير,الصيام
الصِّيامُنِصْفُ الصَّبرُ، وعلى كلِّ شيءٍ زكاةٌ، وزكاةُ الجسَدِالصِّيامُ.  .,أبو هريرة,الصنعاني,التنوير شرح الجامع الصغير,7/93,فيه محمد بن يعقوب قال الذهبي في الضعفاء: له مناكير، وموسى بن عبيدة ضعفوه، وقال أحمد: لا تحل الرواية عنه,التنوير شرح الجامع الصغير,الصيام
الصيامُنصفُ الصبرِ وعلى كلِّ شيءٍ زكاةٌ وزكاةُ الجسدِالصيامُ.,عبدالله بن عمر,السفاريني الحنبلي,شرح كتاب الشهاب,310,إسناده ضعيف,شرح كتاب الشهاب,الصيام
الصيامُنِصْفُ الصبرِ ، وعلى كلِّ شيءٍ زكاةٌ ، وزكاةُ الجسدِالصيامُ.,أبو هريرة,الألباني,ضعيف الجامع,3582,ضعيف,ضعيف الجامع,الصيام
الصيامُنصفُ الصبرِ، وعلى كلِّ شيءٍ زكاةٌ، وزكاةُ الجسدِالصيامُ.,أبو هريرة,الألباني,السلسلة الضعيفة,3811,ضعيف,السلسلة الضعيفة,الصيام
الصِّيامُجنَّةٌ وحصنٌ حصينٌ من النَّارِ .الصِّيامُوالقرآنُ يشفعانِ للعَبدِ يومَ القيامة. يقولُالصِّيامُ: أي ربِّ منعتُه الطَّعامَ والشَّهوةَ فشفِّعْني فيهِ، ويقولُ القرآنُ: منعتُهُ النَّومَ باللَّيلِ فشفِّعْني فيهِ، قالَ: فيشفعانِ  .,-,الهيتمي المكي,الزواجر عن اقتراف الكبائر,1/197,صحيح أو حسن,الزواجر عن اقتراف الكبائر,الصيام
إِنَّالصِّيامَليس مِنَ الأَكْلِ والشُّرْبِ فَقَطْ ؛ إِنَّماالصِّيامُمِنَ اللَّغُوِ والرَّفَثِ . .  .,أبو هريرة,الألباني,صحيح الموارد,741,صحيح,صحيح الموارد,الصيام
الصَّومُ نِصفُ الصَّبرِ [يعني حديث:الصيامُنِصْفُ الصبرِ، وعلى كلِّ شيءٍ زكاةٌ، وزكاةُ الجسدِالصيامُ]  .,أبو هريرة,شعيب الأرناؤوط,تخريج المسند لشعيب,30/220,إسناده ضعيف,تخريج المسند لشعيب,الصيام
من لم يُجْمِعِالصيامَقبلَ الفجرِ فلاصيامَله ويُروى من لم ينوِالصيامَمن الليلِ فلاصيامَله  .,حفصة أم المؤمنين,ابن حجر العسقلاني,التلخيص الحبير,2/778,اختلف الأئمة في رفعه ووقفه، فقال ابن أبي حاتم عن أبيه: لا أدري أيهما أصح، لكن الوقف أشبه، ونقل عن البخاري أنه قال: هو خطأ، وهو حديث فيه اضطراب، والصحيح عن ابن عمر موقوف، وقال النسائي: الصواب عندي موقوف ولم يصح رفعه، وقال أحمد: ماله عندي ذلك الإسناد,التلخيص الحبير,الصيام
عن معاذِ بنِ جبلٍ قال : أَحَلَّالصيامُثلاثةَ أحوالٍ : فإنَّ رسولَ اللهِ صلَّى اللهُ عليهِ وسلَّمَ قدم المدينةَ فجعل يصومُ من كل شهرٍ ثلاثةَ أيامٍ ، وصام عاشوراءَ ، ثم إنَّ اللهَ فرض عليهِالصيامَوأنزل عليهِ  يَا أَيُّهَا الَّذِينَ آمَنُوْا كُتِبَ عَلَيْكُمُالصِّيَامُ. . . وكانوا يأكلون ويشربون ويأتون النساءَ ما لم يناموا ، فإذا ناموا امتنعُوا ، ثم إنَّ رجلًا من الأنصارِ صلى العشاءَ ثم نام فأصبح مجهودًا ، وكان عمرُ أصاب من النساءِ بعد ما نام ، فأنزل اللهُ عزَّ وجلَّ  أُحِلَّ لَكُمْ لَيْلَةَالصِّيَامِالرَّفَثُ إِلَى نِسَائِكُمْ  إلى قولِه  ثُمَّ أَتِمُّوْاالصِّيَامَإِلَى الَّليْلِ   .,عبدالرحمن بن أبي ليلى,ابن حجر العسقلاني,فتح الباري لابن حجر,8/30,مشهور عن عبد الرحمن بن أبي ليلى لكنه لم يسمع من معاذ ، وله شواهد,فتح الباري لابن حجر,الصيام
ليسَالصِّيامُمنَ الأَكْلِ والشُّربِ، إنَّماالصِّيامُمنَ اللَّغوِ والرَّفثِ، فإن سابَّكَ أحدٌ أو جَهِلَ عليكَ فلتقُل: إنِّي صائمٌ، إنِّي صائمٌ  .,أبو هريرة,ابن خزيمة,صحيح ابن خزيمة,3/ 420,أخرجه في صحيحه,صحيح ابن خزيمة,الصيام
إنَّالصِّيامَليس مِن الأكلِ والشُّربِ فقطْ إنَّماالصِّيامُمِن اللَّغوِ والرَّفثِ فإنْ سابَّك أحدٌ أو جهِل عليك فقُلْ إنِّي صائمٌ  .,أبو هريرة,ابن حبان,صحيح ابن حبان,3479,أخرجه في صحيحه,صحيح ابن حبان,الصيام
ليسالصِّيامُمنَ الأكلِ والشُّربِ إنَّماالصِّيامُمنَ اللَّغوِ والرَّفَثِ، فإنْ سابَّكَ أحَدٌ، أو جَهِلَ عليكَ فقُلْ: إني صائمٌ، إني صائمٌ.  .,أبو هريرة,الحاكم,المستدرك على الصحيحين,1590,صحيح على شرط مسلم,المستدرك على الصحيحين,الصيام
استعملَ النبيُّ صلَّى اللهُ عليْهِ وسلَّمَ عتابَ بنَ أسيدٍ يعني عامَ الفتحِ سنةَ ثمانٍ ، فأفردَالحجَّ، ثم استعملَ أبا بكرٍ علىالحجِّسنةَ تسعٍ فأفردَالحجَّ، ثمحجَّالنبيُّ صلَّى اللهُ عليْهِ وسلَّمَ سنةَ عشرٍ فأفردَالحجَّ، ثم استُخلِفَ أبو بكرٍ فبعثَ عمرَ فأفردَ ، ثمحجَّأبو بكرٍ فأفردَالحجَّثم استُخلفَ عمرُ فبعثَ عبدَ الرحمنِ بنَ عوفٍ فأفردَالحجَّثمحجَّعمرُ سِنيَّهُ كلَّها فأفردَالحجَّ، ثم استخلفَ عثمانُ فأفردَالحجَّ، ثم حُصِرَ فأقامَ عبدُ اللهِ بنُ عباسٍ للناسِ فأفردَالحجَّ.,عبدالله بن عمر,ابن حجر العسقلاني,موافقة الخبر الخبر,1/275,غريب,موافقة الخبر الخبر,الحج
عنِ ابنِ عُمَرَ أنَّ النَّبيَّ صلَّى اللَّهُ عليه وسلَّمَ استعملَ عتَّابَ بنَ أَسيدٍ علىالحجِّفأفْرَدَ ثمَّ استعمل أبا بَكرٍ سَنةَ تِسعٍ فأفردَالحَجَّثمَّحَجَّالنبِيُّ صلَّى اللَّهُ عليهِ وسلَّمَ سنةَ عشْرٍ فأفرَدَالحَجَّثمَّ تُوُفِّيَ رسولُ اللَّهِ صلَّى اللَّهُ عليهِ وسلَّمَ واستُخلِفَ أبو بَكْرٍ فَبعثَ عُمرَ فأفْرَدَالحجَّثمَّحجَّأبو بكرٍ فأفرَدَالحجَّوتُوُفِّيَ أبو بَكرٍ واستُخلِفَ عُمرُ فبعَثَ عبدَ الرَّحمنِ بنَ عَوفٍ فأفردَالحجَّثمَّحَجَّفأفْردَالحجَّثمَّ حُصِرَ عُثمانُ فأقام عبدُ اللَّهِ بنُ عبَّاسٍ للنَّاسِ فأفرَدَالحَجَّ.,عبدالله بن عمر,ابن كثير,البداية والنهاية,5/111,في إسناده عبد الله بن عمر العمري وهو ضعيف,البداية والنهاية,الحج
استَعمَل عَتَّابَ بنَ أُسَيدٍ علىالحَجِّفأفرَدَ، ثُمَّ استَعمَلَ أبا بَكرٍ سَنةَ تِسعٍ فأفرَدَالحَجَّ، ثُمَّحَجَّالنَّبيُّ صلَّى اللهُ عليه وسلَّم سَنةَ عَشرٍ فأفرَدَالحَجَّ، ثُمَّ استَخلف أبا بَكرٍ فبَعَث عُمَرَ، فأفرَدَالحَجَّ، ثُمَّ استُخلِف عُمَرُ فبَعَث عَبدَ الرَّحمَنِ بنَ عَوفٍ فأفرَدَالحَجَّ، ثُمَّ حُصِرَ عُثمانُ فأقامَ عَبدَ اللهِ بنَ عبَّاسٍ للنَّاسِ فأفرَدَالحَجَّ.,ابن عمر,ابن الجوزي,التحقيق في أحاديث الخلاف,1255,[فيه] عبد الله بن نافع قال يحيى: ليس بشيء وقال النسائي: متروك الحديث. [وفيه] عبد الله بن عمر العمري قال يحيى: ضعيف وقال ابنُ حبان يستحق الترك,التحقيق في أحاديث الخلاف,الحج
الحجُّعرفاتٌ ،الحجُّعرفاتٌ ،الحجُّعرفاتٌ . أيامُ مِنى ثلاثٌ فمنْ تعجّلَ في يومينِ فلا إِثْمَ عليهِ ومن تأخّرَ فلا إثْمَ عليهِ ، ومن أدركَ عرفةَ قبلَ أن يَطلعَ الفجرُ فقد أدركَالحجَّ.,عبدالرحمن بن يعمر الديلي,الترمذي,سنن الترمذي,2975,حسن صحيح,سنن الترمذي,الحج
الحجُّعَرفاتٌ،الحجُّعَرفاتٌ،الحجُّعَرفاتٌ، أيَّامُ منًى ثلاثٌ  فَمَنْ تَعَجَّلَ فِي يَوْمَيْنِ، فَلَا إِثْمَ عَلَيْهِ، وَمَنْ تَأَخَّرَ فَلَا إِثْمَ عَلَيْهِ  ومن أدرَكَ عرفةَ قبلَ أن يطلُعَ الفجرُ فقد أدرَكَالحَجَّ.,عبدالرحمن بن يعمر الديلي,الألباني,صحيح الترمذي,2975,صحيح,صحيح الترمذي,الحج
لا يُحرَمُ بالحجِّ إلَّا في أشهرِالحجِّ؛ فإنَّ مِن سُنَّةِالحجِّأن تُحْرِمَ بالحجِّ في أشهرِالحجِّ.,عبدالله بن عباس,ابن خزيمة,صحيح ابن خزيمة,4/ 275,أخرجه في صحيحه,صحيح ابن خزيمة,الحج
أنَّ النَّبيَّ صلَّى اللَّهُ عليهِ وسلَّمَ استعمَلَ عتَّابَ بنَ أَسِيدٍ علىالحجِّفأفردَ ، ثمَّ استَعملَ أبا بَكْرٍ سنةَ تِسعٍ فأفردَالحجَّ، ثمَّحجَّالنبيُّ صلَّى اللَّهُ عليهِ وسلَّمَ سنةَ عَشرٍ فأفردَالحجَّ، ثمَّ توُفِّيَ النبيُّ صلَّى اللَّهُ عليهِ وسلَّمَ ، واستُخْلِفَ أبو بَكْرٍ فبَعثَ عمرَ فأفردَالحجَّ، ثمَّحجَّأبو بَكْرٍ فأفردَالحجَّ، وتوُفِّيَ أبو بَكْرٍ واستُخْلِفَ عمرُ فبعثَ عبدَ الرَّحمنِ بنَ عوفٍ فأفردَالحجَّ، ثمَّحجَّعمرُ سِنيَّهُ كلَّها فأفردَالحجَّ، ثمَّ توُفِّيَ عمرُ ، واستُخْلِفَ عثمانُ فأفردَالحجَّ، ثمَّ حُصِرَ عثمانُ ، فأقامَ عبدُ اللَّهِ بنُ عبَّاسٍ بالنَّاسِ فأفردَ بالحجِّ  .,عبدالله بن عمر,ابن كثير,مسند الفاروق,1/307,حديث غريب,مسند الفاروق,الحج
أنَّ النَّبيَّ صَلَّى اللَّهُ عَلَيْهِ وَسَلَّمَ استعمَلَ عَتَّابَ بنَ أُسَيْدٍ علىالحجِّفأَفْرَدَ، ثُمَّ استعمَلَ أبا بَكرٍ سَنةَ تِسْعٍ فأَفْرَدَالحجَّ، ثُمَّحجَّالنَّبيُّ صَلَّى اللَّهُ عَلَيْهِ وَسَلَّمَ سَنةَ عَشْرٍ فأَفْرَدَالحجَّ، ثُمَّ استَخْلَفَ أبا بَكرٍ، فبعَثَ عُمَرَ فأَفْرَدَالحجَّ، ثُمَّ استُخْلِفَ عُمَرُ فبعَثَ عبدَ الرَّحمنِ بنَ عَوْفٍ فأَفْرَدَالحجَّ، ثُمَّ حُصِرَ عُثمانُ، فأقامَ عبدَ اللَّهِ بنَ عبَّاسٍ للنَّاسِ فأَفْرَدَالحجَّ.  .,عبدالله بن عمر,ابن الجوزي,تنقيح التحقيق,3/453,"في إسناده عبد الله بن نافع، قال يحيى: ليس بشيءٍ. وقال النَّسائيُّ: متروك الحديث.
وفيه عبد الله بن عمر العُمريُّ، قال يحيى: ضعيف. وقال ابن حِبَّان: يستحق التَّرك",تنقيح التحقيق,الحج
مَن وقَف بعرَفاتٍ بليلٍ فقد أدرَكالحَجَّومَن فاته عرَفاتٌ بليلٍ فقد فاتهالحَجُّفلْيُحِلَّ بعُمرَةٍ وعليهالحَجُّمن قابِلٍ  .,عبدالله بن عمر,الدارقطني,سنن الدارقطني,2/479,[فيه] رحمة بن مصعب ضعيف ولم يأت به غيره,سنن الدارقطني,الحج
مَن وَقَفَ بعَرَفةَ بلَيلٍ، فقد أدرَكَالحَجَّ، ومَن فاتَه عَرَفاتٌ بلَيلٍ، فقد فاتَهالحَجُّ، فلْيُحِلَّ بعُمرَةٍ، وعليهالحَجُّمن قابِلٍ.  .,-,الكمال بن الهمام,شرح فتح القدير,2/522,في سنده رحمة بن مصعب قال الدارقطني: ولم يأت به غيره,شرح فتح القدير,الحج
عنِ ابنِ عَبَّاسٍ، قالَ: لا يُحرَمُ بالحَجِّ إلَّا في أشهَرُالحَجِّ، فإنَّ من سُنَّةِالحَجِّأن يُحرَمَ بالحَجِّ في أشهُرِالحَجِّ.  .,مقسم,الحاكم,المستدرك على الصحيحين,1662,صحيح على شرط الشيخين,المستدرك على الصحيحين,الحج
عنِ ابنِ عبَّاسٍ قالَ لا يُحرِمُ بالحجِّ إلَّا في أشهرِالحجِّفإنَّ من سنَّةِالحجِّأن يُحْرِمَ بالحجِّ في أشهرِالحجِّ.,مقسم مولى ابن عباس,ابن الملقن,تحفة المحتاج,2/137,صحيح أو حسن [كما اشترط على نفسه في المقدمة],تحفة المحتاج,الحج
"عن ابنِ عباسٍ,قال : لا يحرمُ بالحجِّ إلا في أشهرِالحجِّ,فإن من سنةِالحجِّ,أن يحرم بالحجِّ في أشهرِالحج.",مقسم مولى ابن عباس,ابن حجر العسقلاني,تغليق التعليق,3/60,له طريق أخرى,تغليق التعليق,الحج
. . .الحجُّيُكفِّرُ ما قبلَه إلىالحجِّ.,أبو أمامة الباهلي,الألباني,السلسلة الصحيحة,7/958,قال الهيثمي فيه المفضل بن صدقة وهو متروك الحديث قلت ومثله أبان ابن أبي عياش وأبو بلال الأشعري ضعفه الدارقطني,السلسلة الصحيحة,الحج
عنِ ابنِ مسعودٍ قالَ أمرتم بإقامةِ أربعٍ إقامةِ الصَّلاةِ وإيتاءِ الزَّكاةِ وأقيمواالحجَّوالعمرةَ إلى البيتِ والحجُّالحجُّالأكبرُ والعمرةُالحجُّالأصغر  .,[مسروق بن الأجدع],الهيثمي,مجمع الزوائد,3/208,رجاله ثقات‏‏,مجمع الزوائد,الحج
لا تَتَلقَّواالبُيوعَ.  .,عبدالله بن عمر,العيني,نخب الافكار,11/368,طريقه صحيح,نخب الافكار,البيوع
نَهَى عَنْ تَلَقِّيالبُيوعِ.,عبدالله بن مسعود,الألباني,صحيح الجامع,6944,صحيح,صحيح الجامع,البيوع
أنَّه نهى عن تلقِّيالبُيوعِ.,عبدالله بن مسعود,ابن حزم,المحلى,8/449,نحوه مسندا صحيحا من طرق ابن عباس,المحلى,البيوع
نهى رسولُ اللهِ صلَّى اللهُ عليه وسلَّم عن تلقِّيالبيوعِ.,عبدالله بن مسعود,ابن حبان,صحيح ابن حبان,4958,أخرجه في صحيحه,صحيح ابن حبان,البيوع
[أنَّ النَّبيَّ صلَّى اللَّهُ عليْهِ وسلَّمَ] نَهي عن تلقِّيالبيوعِ.  .,عبدالله بن مسعود,السيوطي,الجامع الصغير,9433,صحيح,الجامع الصغير,البيوع
[أنَّ النَّبيَّ صلَّى اللَّهُ عليْهِ وسلَّمَ]نهَى عن تَلقِّيالبيوعِ.  .,عبدالله بن مسعود,الصنعاني,التنوير شرح الجامع الصغير,10/578,في الصحيحين بمعناه,التنوير شرح الجامع الصغير,البيوع
نَهى رسولُ اللَّهِ صلَّى اللَّهُ عليْهِ وسلَّمَ عن تلقِّيالبيوعِ.,عبدالله بن مسعود,الألباني,صحيح ابن ماجه,1787,صحيح,صحيح ابن ماجه,البيوع
نهى رسولُ اللهِ صلَّى اللهُ عليه وسلَّم عن تلقِّيالبيوعِ.,عبدالله بن مسعود,شعيب الأرناؤوط,تخريج صحيح ابن حبان,4958,إسناده صحيح على شرط الشيخين,تخريج صحيح ابن حبان,البيوع
عَنِ النبيِّ صَلَّى اللَّهُ عليه وسلَّمَ، أنَّهُ نَهَى عن تَلَقِّيالبُيُوعِ.  .,عبدالله بن مسعود,مسلم,صحيح مسلم,1518,[صحيح],صحيح مسلم,البيوع
حديثُ الَّذي كان يخدَعُ فيالبُيوعِفقيل له : لك الخِيارُ ثلاثًا  .,-,ابن القطان,الوهم والإيهام,4/252,[فيه] ابن إسحاق مختلف فيه,الوهم والإيهام,البيوع
عَنِ النَّبيِّ صلَّى اللَّهُ عليهِ وسلَّمَ، أنَّهُ نَهَى عن تلقِّيالبيوعِ.,عبدالله بن مسعود,الألباني,صحيح الترمذي,1220,صحيح,صحيح الترمذي,البيوع
نهى رسولُ اللهِ صلَّى اللهُ عليه وسلَّم أنْ يبيعَ حاضرٌ لبادٍ وقال: ( لا تلَقَّوُاالبيوعَ)  .,عبدالله بن عمر,ابن حبان,صحيح ابن حبان,4962,أخرجه في صحيحه,صحيح ابن حبان,البيوع
نهى رسولُ اللهِ صلَّى اللهُ عليه وسلَّم أنْ يبيعَ حاضرٌ لبادٍ وقال: ( لا تلَقَّوُاالبيوعَ)  .,عبدالله بن عمر,شعيب الأرناؤوط,تخريج صحيح ابن حبان,4962,إسناده صحيح على شرط البخاري,تخريج صحيح ابن حبان,البيوع
نهَى رسولُ اللهِ صلَّى اللهُ عليهِ وسلَّمَ أن يبيعَ حاضرٌ لبادٍ وكان يقول : لا تَلَقَّواالبيوعَ. . . . .  .,عبدالله بن عمر,الألباني,السلسلة الصحيحة,3/27,إسناده صحيح على شرط الشيخين,السلسلة الصحيحة,البيوع
أنَّ رَجُلًا ذَكَرَ للنَّبيِّ صَلَّى اللهُ عليه وسلَّمَ أنَّه يُخْدَعُ فيالبُيُوعِ، فَقالَ: إذَا بَايَعْتَ فَقُلْ: لا خِلَابَةَ.  .,عبدالله بن عمر,البخاري,صحيح البخاري,2117,[صحيح],صحيح البخاري,البيوع
أَشيدُواالنِّكاحَ، أَشِيدُواالنِّكاحَ، هذاالنِّكاحَ، لا السِّفاحُ  .,هبار بن الأسود بن المطلب الأسدي,الألباني,السلسلة الصحيحة,1463,حسن لشواهده,السلسلة الصحيحة,النكاح
هدمَ المتعةَالنِّكاحُ[يعني حديث: حَرَّمَ -أو هدَمَ- المُتعةَ:النِّكاحُوالطَّلاقُ والعِدَّةُ والميراثُ.]  .,[أبو هريرة],ابن القطان,الوهم والإيهام,5/758,لا يصح,الوهم والإيهام,النكاح
عنِ ابنِ عباسٍ أنَّهُ كان لا يرى الظِّهارَ قبلَالنِّكاحِشيئًا ولا يرى أيضًا الطلاقَ قبلالنكاحِشيئًا  .,عكرمة مولى ابن عباس,ابن حزم,المحلى,10/56,في غاية الصحة,المحلى,النكاح
لا طلَاقَ قبْلَالنِّكاحِ[حديث حابر: لا طلاقَ قبْلَنِكاحٍولا عِتْقَ قبْلَ مِلْكٍ]                                                [وحديث علي: لا طلَاقَ قبْلَالنِّكاحِ]  .,جابر بن عبدالله وعلي بن أبي طالب,الألباني,صحيح الجامع,7523,صحيح,صحيح الجامع,النكاح
كانت عائشةُ تُخطَبُ إليها المرأةُ مِن أهلِها فتُشهِدُها، فإذا بَقِيَتْ عُقْدةُالنكاحِ، قالت لبعضِ أهلِها: زَوِّجْ؛ فإنَّ المرأةَ لا تَلِي عَقْدَالنكاحِ.  .,القاسم بن محمد,شعيب الأرناووط,تخريج شرح السنة,9 / 41,إسناده ضعيف,تخريج شرح السنة,النكاح
أيُّما امرأةٍ أُنكِحَت على صَداقٍ أو حِباءٍ أو عِدَةٍ قَبْلَ عِصْمةِالنِّكاحِفهو لها، وما كان بَعْدَ عِصمةِالنِّكاحِفهو له، وأحَقُّ ما أُكرِمَ عليه الرَّجُلُ ابنْتُه أو أُخْتُه.  .,عبد الله بن عمرو,ابن المنذر,الأوسط لابن المنذر,8/352,تكلم في إسناده,الأوسط لابن المنذر,النكاح
أَيُّما امرأةٍ نُكِحَتْ على صَدَاقٍ أو حِباءٍ أو عِدَّةٍ قبلَ عِصْمَةِالنكاحِفهو لها وما كان بعدَ عِصْمَةِالنكاحِفهو لِمَن أُعْطِيَهُ وأَحَقُّ ما يُكْرَمُ عليه الرجلُ ابنتُه وأختُه  .,[جد عمرو بن شعيب],الشوكاني,نيل الأوطار,6/320,من رواية عمرو بن شعيب عن أبيه [وحديثه حسن] ومن دون عمرو ثقات,نيل الأوطار,النكاح
أيما امرأةٍ نُكِحَتْ على صداقٍ أو حباءٍ أو عدةٍ قبل عصمةِالنكاحِفهو لها ، وما كان بعدَ عصمةِالنكاحِفهو لمنْ أُعطيهُ ، وأحقُ ما يُكْرِمُ عليهِ الرجلُ ابنتهُ وأختهُ  .,[جد عمرو بن شعيب],الشوكاني,السيل الجرار,2/286,ليس في هذا الحديث مقال,السيل الجرار,النكاح
أيُّما امرأةٍ نُكِحَتْ على صَداقٍ، أو حِباءٍ، أو عِدَةٍ قَبلَ عِصمةِالنِّكاحِ؛ فهو لها، وما كان بَعدَ عِصمةِالنِّكاحِ؛ فهو لمَن أعصَمَهُ، وأحَقُّ ما أُكرِمَ عليه الرَّجُلُ ابنَتُه وأُختُه.  .,عبدالله بن عمرو,شعيب الأرناؤوط,تخريج مشكل الآثار,4471,إسناده حسن,تخريج مشكل الآثار,النكاح
أعلِنواالنِّكاحَ.,الزبير بن العوام,الطبراني,المعجم الصغير,703,لا يروى عن ابن الزبير إلا بهذا الإسناد. تفرد به ابن وهب.,المعجم الصغير,النكاح
أعلِنواالنِّكاحَ.  .,عبدالله بن الزبير,الطبراني,المعجم الأوسط,5/222,لايروى هذا الحديث عن ابن الزبير عن أبيه إلا بهذا الإسناد تفرد به ابن وهب,المعجم الأوسط,النكاح
أَعلِنواالنِّكاحَ.  .,[عبدالله بن الزبير],الحاكم,المستدرك على الصحيحين,2786,صحيح الإسناد,المستدرك على الصحيحين,النكاح
«أَعْلِنواالنِّكاحَ».  .,‌‌عبدالله بن الزبير بن العوام,الضياء المقدسي,الأحاديث المختارة,9 / 305,أورده في المختارة وقال [هذه أحاديث اخترتها مما ليس في البخاري ومسلم],الأحاديث المختارة,النكاح
«أَعْلِنواالنِّكاحَ».  .,‌‌عبدالله بن الزبير بن العوام,الضياء المقدسي,الأحاديث المختارة,9 / 306,أورده في المختارة وقال [هذه أحاديث اخترتها مما ليس في البخاري ومسلم],الأحاديث المختارة,النكاح
أَعلِنواالنِّكاحَ.  .,الزبير بن العوام,ابن دقيق العيد,الإلمام بأحاديث الأحكام,2/628,[اشترط في المقدمة أنه] صحيح على طريقة بعض أهل الحديث,الإلمام بأحاديث الأحكام,النكاح
نِعْمَالجهادُالحَجَّ [يعني حديث: سَأَلَهُ نِساؤُهُ عَنِالجِهادِ، فقالَ: نِعْمَالجِهادُالحَجُّ.]  .,عائشة أم المؤمنين,الألباني,صحيح الجامع,6769,صحيح,صحيح الجامع,الجهاد
رجعْنَا مِنَالجهادِالأصغرِ إلىالجهادِالأكبرِ . قالوا : وماالجهادُالأكبرُ ؟ قال :جهادُالقلبِ  .,-,ملا علي قاري,الأسرار المرفوعة,211,قيل لا أصل له أو بأصله موضوع,الأسرار المرفوعة,الجهاد
قدِمتُم منالجهادِالأصغَرِ إلىالجهادِالأكبَرِ قالوا : وماالجِهادُالأكبَرُ ؟ قال : مُجاهَدةُ العَبدِ لِهَواهُ .  .,جابر بن عبدالله,ابن رجب,جامع العلوم والحكم,1/489,إسناده ضعيف,جامع العلوم والحكم,الجهاد
رجعْنا منالجهادِالأصغرِ إلىالجهادِالأكبرِ  .,-,ابن تيمية,المستدرك على مجموع الفتاوى,1/221,لا يصح,المستدرك على مجموع الفتاوى,الجهاد
رجعْنا منالجهادِالأصغرِ إلىالجهادِالأكبرِ  .,-,ابن تيمية,مجموع الفتاوى,11/197,لا أصل له,مجموع الفتاوى,الجهاد
رجَعنا منالجهادِالأصغرِ إلىالجهادِالأكبرِ  .,-,ابن باز,التحفة الكريمة,19,[إسناده] ضعيف,التحفة الكريمة,الجهاد
رجعنا منالجهادِالأصغرِ، إلىالجهادِالأكبرِ  .,-,ابن باز,مجموع فتاوى ابن باز,26/386,إسناده ضعيف,مجموع فتاوى ابن باز,الجهاد
رجعنا منالجهادِالأصغرِ إلىالجهادِالأكبرِ  .,-,الألباني,السلسلة الضعيفة,2460,منكر,السلسلة الضعيفة,الجهاد
رجعنا منالجهادِالأصغرِ علىالجهادِالأكبرِ  .,-,ابن عثيمين,مجموع فتاوى ابن عثيمين,498/27,ضعيف جداً أو موضوع,مجموع فتاوى ابن عثيمين,الجهاد
سَأَلَهُ نِساؤُهُ عَنِالجِهادِ، فقالَ: نِعْمَالجِهادُالحَجُّ.  .,عائشة أم المؤمنين,البخاري,صحيح البخاري,2876,[صحيح],صحيح البخاري,الجهاد
أنَّ رسولَ اللهِ صلَّى اللهُ عليهِ وسلَّمَ قال لقومٍ رجعُوا مِنَ الغزوِ : قدمْتُمْ مِنَالجِهادِالأَصْغَرِ إلىالجِهادِالأَكْبَرِ . قيل : و ماالجهادُالأكبرُ ؟ قال : مُجَاهَدَةُ العبدِ لهَوَاهِ .  .,جابر بن عبدالله,ابن رجب,نور الاقتباس,3/157,إسناده ضعيف,نور الاقتباس,الجهاد
سياحَةُ أمَّتيالجِهادُ[يعني حديث: إنَّ سياحةَ أمتيالجهادُفي سبيلِ اللهِ]  .,[أبو أمامة الباهلي],ابن القطان,الوهم والإيهام,5/742,ليس بصحيح,الوهم والإيهام,الجهاد
عن جابر قال قدمَ على رسولِ اللهِ صلى الله عليه وسلم قومٌ غُزَاةٌ فقال قدِمْتُم بخيرٍ مقْدِم منالجهادِالأصغرِ إلىالجهادِالأكبرِ قيل وماالجهادُالأكبرُ قال مُجاهدَةُ العَبْد هواهُ  .,جابر بن عبدالله,ابن حجر العسقلاني,الكافي الشاف,194,[فيه] عيسى بن إبراهيم عن يحيى بن يعلى عن ليث بن أبي سليم والثلاثة ضعفاء,الكافي الشاف,الجهاد
قدِمتُم خَيرَ مَقدَمٍ، وقدِمتُم مِنَالجِهادِالأصغَرِ إلىالجِهادِالأكبَرِ؛ مُجاهَدةِ العَبَدِ هَواه  .,جابر,العراقي,فيض القدير,4/ 511,إسناده ضعيف,فيض القدير,الجهاد
قَدِمْتُمْ خيرَ مَقْدَمٍ، وقَدِمْتُمْ منَالجهادِالأصغرِ إلىالجهادِالأكبرِ، مجاهدةُ العبدِ هواهُ  .,جابر بن عبدالله,السيوطي,الجامع الصغير,6089,ضعيف,الجامع الصغير,الجهاد
عليكم بالحِجامةِ يومَ الخميسِ فإنَّه يزيدُ فيالأدبِ، قيل يا رسولَ اللهِ وماالأدبُ؟ قال : العقْلُ  .,أنس بن مالك,ابن القيسراني,ذخيرة الحفاظ,3/1594,معضل,ذخيرة الحفاظ,الأدب
إذا صدقَتِ المحبةُ سقطَتْ شروطُالأدبِ.,-,ملا علي قاري,الأسرار المرفوعة,116,هو من كلام الجنيد,الأسرار المرفوعة,الأدب
إذا صدقَتِ المحبةُ سقطتْ شروطُالأدبِ.,-,محمد بن محمد الغزي,إتقان ما يحسن,1/58,ليس بحديث,إتقان ما يحسن,الأدب
إذا صدَقَتِ المَحَبَّةُ سَقطتْ شُروطُالأدبِ.,-,الزرقاني,مختصر المقاصد,61,لا أصل له . إنما هو قول الجنيد,مختصر المقاصد,الأدب
إذا صدقتْ المحبةُ ارتفعتْ شروطَالأدبِ.,-,القاوقجي,اللؤلؤ المرصوع,36,ليس بحديث,اللؤلؤ المرصوع,الأدب
الضحكُ مِنْ غيرِ عجبٍ مِنَ قلةِالأدبِ.,-,محمد بن محمد الغزي,إتقان ما يحسن,1/331,ليس بحديث,إتقان ما يحسن,الأدب
الضحكُ من غيرِ عجبٍ من قلةِالأدبِ.,-,محمد جار الله الصعدي,النوافح العطرة,185,ليس بحديث,النوافح العطرة,الأدب
كانوا يقولون : الصَّلاحُ من اللهِ ، والأدَبُمن الآباءِ  .,نمير بن أوس الأشعري,الألباني,ضعيف الأدب المفرد,20,إسناده ضعيف,ضعيف الأدب المفرد,الأدب
جاءَ رجُلٌ بابنِ أخٍ له إلى عبدِ اللهِ سَكْرانَ. فقال: إنِّي وجَدتُ هذا سكْرانَ. فقال عبدُ اللهِ: تَرْتِروه، مَزْمِزوه، واستَنْكِهوه. قال: فتَرْتَروه، ومَزْمَزوه، واستَنكَهوه، فوُجِدَ مِنه ريحُ الشرابِ، فأمَرَ به عبدُ اللهِ إلى السِّجنِ، ثمَّ أخرَجَه مِن الغَدِ، ثمَّ أمَرَ بسَوطٍ فدُقَّتْ ثَمرتُه حتى آضَتْ له مُخفَّفةً، ثمَّ قال للجَلَّادِ: اجلِدْه وارجِعْ يدَكَ، وأَعطِ كلَّ عُضوٍ حقَّه. فضرَبَه ضَربًا غَيرَ مُبَرِّحٍ أوْجَعَه، وجعَلَه في قَباءٍ وسَراوِيلَ، أو قميصٍ وسَراوِيلَ، ثمَّ قال: بئسَ واللهِ والي اليتيمِ، ما أدَّبتَ فأحسَنتَالأدبَ، ولا ستَرتَ الخِزيةَ. فقال: يا أبا عبدِ الرحمنِ، إنَّه ابنُ أخي، أجِدُ له مِن اللَّوعةِ ما أجِدُ لولدي. فقال عبدُ اللهِ: إنَّ اللهَ جلَّ وعزَّ يحِبُّ العَفوَ، ولا يَنْبغي لوالٍ أنْ يُؤتَى بحَدٍّ إلَّا أقامَه، ثمَّ أنشَأَ يحدِّثُ عن رسولِ اللهِ صلَّى اللهُ عليه وسلَّمَ، قال: إن أوَّلَ رجُلٍ مِن المسلمينَ قُطِعَ مِن الأنصارِ -أو في الأنصارِ- فقيل: يا رسولَ اللهِ هذا سرَقَ.  .,عبدالله بن مسعود,الهيثمي,مجمع الزوائد,6/279,[فيه] أبو ماجد ضعيف,مجمع الزوائد,الأدب
"جاء رجلٌ بابنُ أخٍ له سكرانَ - يعني : إلى ابن مسعودٍ . . . فذكر الحديث في كيفِيةِ جلدهِ ثم قال لعمّهِ : بئسَ – لعَمرو اللهِ والِي اليتمِ أنتَ ، ما أدبتَ فأحسنتَالأدبَ، ولا سترتَ الخربةَ . فقال : يا أبا عبد الرحمنِ ، أما والله إنه لابنُ أخي وما لي ولدٌ ، وإني لأجدُ له منَ اللوعةِ ما أجدُ لولدِي ، ولكنْ لم آلُ عن الخيرِ . فقال عبد الله : إنَّ اللهَ عفوٌ يحبُّ العفوَ ، ولكن لا ينبغِي لوالِي الأمرِ أن يؤتَى بحدّ إلا أقامهُ . ثم أنشأ يحدثنا عن نبي اللهِ صلى الله عليه وسلم قال : إن أوّلَ رجلٌ قُطِعَ من المسلمينَ رجلٌ من الأنصارِ أُتِيَ به نبي اللهِ سرقَ ، فقال : اقطعوهُ . . وكأنما أسفَ وجهُ نبي الله صلى الله عليه وسلم رمادا ، ثم أشارَ بيدهِ يخفيهِ ، فقال بعضُ القومِ : كأن هذا شقّ عليكَ . فقال : لا ينبغِي أن تكونُوا أعوانَ الشيطانِ - أو إبليسَ - فإنه لا ينبغِي لوالِي الأمرِ أن يؤتَى بحدّ إلا أقامهُ , واللهُ عفوٌ يحبُ العفوَ . ثم قرأ { وَلْيَعْفُوا وَلْيَصْفَحُوا . . . } الآية .  .",عبدالله بن مسعود,الذهبي,المهذب في اختصار السنن,7/3479,"فيه يحيى ضعيف , وأبو ماجد لا يعرف",المهذب في اختصار السنن,الأدب
قدم الجارود بن عبد الله - وكان سيدا في قومه ، مطاعا عظيما في عشيرته : مطاع الأمر ، رفيع القدر ، عظيم الخطر ، ظاهرالأدب، شامخ الحسب ، بديع الجمال ، حسن الفعال ، ذا منعة ومال - في وفد عبد القيس من ذوي الأخطار والأقدار ، والفضل والإحسان ، والفصاحة والبرهان ، كل رجل منهم كالنخلة السحوق ، على ناقة كالفحل الفنيق قد جنبوا الجياد ، وأعدوا للجلاد ، مجدين في سيرهم ، حازمين في أمرهم ، يسيرون ذميلا ، ويقطعون ميلا فميلا ، حتى أناخوا عند مسجد النبي صلى الله عليه وسلم . فأقبل الجارود على قومه والمشايخ من بني عمه ، فقال : يا قوم ! هذا محمد الأغر ، سيد العرب ، وخير ولد عبد المطلب ، فإذا دخلتم عليه ، ووقفتم بين يديه ، فأحسنوا عليه السلام وأقلوا عنده الكلام . فقالوا : بأجمعهم : أيها الملك الهمام والأسد الضرغام ، لن نتكلم إذا حضرت ولن نجاوز إذا أمرت ، فقل ما شئت ، فإنا سامعون ، واعمل ما شئت ، فإنا تابعون . فنهض الجارود في كل كمي صنديد ، قد دوموا العمائم ، وتردوا بًالصمائم ، يجرون أسيافهم ويسحبون أذيالهم ، يتناشدون الأشعار ويتذاكرون مناقب الأخيار ، لا يتكلمون طويلا ، ولا يسكتون عيا : إن أمرهم ائتمروا ، وإن زجرهم ازدجروا ، كأنهم أسد غيل يقدمها ذو لبؤة مهول ، حتى مثلوا بين يدي النبي ، صلى الله عليه وسلم ، فلما دخل القوم المسجد ، وأبصرهم أهل المشهد ، دلف الجارود أمام النبي ، صلى الله عليه وسلم وحسر لثامه وأحسن سلامه ، ثم أنشأ يقول : يا نبي الهدى أتتك رجال قطعت فدفدا وآلا فآلا ، وطوت نحوك الصحاصح طرا لا تخال الكلال فيك كلالا ، كل دهماء يقصر الطرف عنها أرقلتها قلاصنا إرقالا وطوتها الجياد تجمح فيها بكماة كأنجم تتلالا ، تبتغي دفع بأس يوم عبوس أوجل القلب ذكره ثم هالا ، فلما سمع رسول اللهِ صلى الله عليه وسلم ذلك فرح فرحا شديدا ، وقربه وأدناه ، ورفع مجلسه وحبًاه ، وأكرمه ، وقال : يا جارود ، لقد تأخر بك وبقومك الموعد ، وطال بكم الأمد . قال : والله يا رسول اللهِ ، لقد أخطأ من أخطأك قصده ، وعدم رشده ، وتلك وأيم الله أكبر خيبة ، وأعظم حوبة ، والرائد لا يكذب أهله ، ولا يغش نفسه . لقد جئت بًالحق ، ونطقت بًالصدق ، والذي بعثك بًالحق نبيا واختارك للمؤمنين وليا ، لقد وجدت وصفك في الإنجيل ، ولقد بشر بك ابن البتول ، وطول التحية لك والشكر لمن أكرمك وأرسلك ، لا أثر بعد عين ، ولا شك بعد يقين . مد يدك ، فأنا أشهد أن لا إله إلا الله ، وأنك محمد رسول اللهِ . قال : فآمن الجارود ، وآمن من قومه كل سيد ، وسر النبي صلى الله عليه وسلم بهم سرورا ، وابتهج حبورا ، وقال : يا جارود ! هل في جماعة وفد عبد القيس من يعرف لنا قسا ، ؟ قال : كلنا نعرفه يا رسول اللهِ ! وأنا من بين قومي كنت أقفو أثره وأطلب خبره : كان قس سبطا من أسبًاط العرب ، صحيح النسب ، فصيحا إذا خطب ، ذا شيبة حسنة . عمر سبعمائة سنة ، يتقفر القفار ، لا تكنه دار ، ولا يقره قرار ، يتحسى في تقفره بيض النعام ، ويأنس بًالوحش والهوام ، يلبس المسوح ويتبع السياح على منهاج المسيح ، لا يفتر من الرهبًانية ، مقر لله بًالوحدانية ، تضرب بحكمته الأمثال ، وتكشف به الأهوال ، وتتبعه الأبدال أدرك رأس الحواريين سمعان ! فهو أول من تأله من العرب وأعبد من تعبد في الحقب ، وأيقن بًالبعث والحساب ، وحذر سوء المنقلب والمآب ، ووعظ بذكر الموت ، وأمر بًالعمل قبل الفوت . الحسن الألفاظ ، الخاطب بسوق عكاظ العالم بشرق وغرب ، ويابس ورطب ، وأجاج وعذب . كأني أنظر إليه والعرب بين يديه ، يقسم بًالرب الذي هو له ليبلغن الكتاب أجله ، وليوفين كل عامل عمله . ثم أنشأ يقول : هاج للقلب من جواه ادكار وليال خلالهن نهار ، ونجوم يحثها قمر الليل وشمس في كل يوم تدار ، ضوؤها يطمس العيون ورعاد شديد في الخافقين مطار ، وغلام وأشمط ورضيع كلهم في التراب يوما يزار ، وقصور مشيدة حوت الخير وأخرى خلت فهن قفار ، وكثير مما يقصر عنه جوسة الناظر الذي لا يحار ، والذي قد ذكرت دل على الله نفوسا لها هدى واعتبًار ، فقال النبي صلى الله عليه وسلم ، : على رسلك يا جارود ، فلست أنساه بسوق عكاظ على جمل له أورق ، وهو يتكلم بكلام مونق ، ما أظن أني أحفظه ، فهل منكم يا معشر المهاجرين والأنصار من يحفظ لنا منه شيئا ؟ فوثب أبو بكر قائما ، وقال : يا رسول اللهِ ! إني أحفظه ، وكنت حاضرا ذلك اليوم بسوق عكاظ حين خطب فأطنب ، ورغب ورهب ، وحذر وأنذر ، فقال في خطبته : أيها الناس ، اسمعوا وعوا ، فإذا وعيتم فانتفعوا : إنه من عاش مات ، ومن مات فات ، وكل ماهو آت آت ، مطر ونبًات ، وأرزاق وأقوات ، وآبًاء وأمهات ، وأحياء وأموات ، جميع وأشتات ، وآيات بعد آيات . إن في السماء لخبرا ، وإن في الأرض لعبرا ، ليل داج ، وسماء ذات أبراج وأرض ذات رتاج ، وبحار ذات أمواج . مالي أرى الناس يذهبون فلا يرجعون ؟ أرضوا بًالمقام فأقاموا ؟ أم تركوا هناك فناموا ؟ أقسم قس قسما حقا لا حانثا فيه ولا آثما : إن لله تعالى دينا هو أحب إليه من دينكم الذي أنتم عليه ، ونبيا قد حان حينه ، وأظلكم أوانه ، وأدرككم إبًانه ، فطوبى لمن آمن به فهداه ، وويل لمن خالفه وعصاه ثم قال : تبًا لأربًاب الغفلة من الأمم الخالية ، والقرون الماضية . يا معشر إياد ! أين الآبًاء والأجداد ؟ وأين المريض والعواد ؟ وأين الفراعنة الشداد ؟ أين من بنى وشيد وزخرف ونجد وغره المال والولد ؟ ! أين من بغى وطغى ، وجمع فأوعى ، وقال : أنا ربكم الأعلى ؟ ! ألم يكونوا أكثر منكم أموالا ، وأبعد منكم آمالا ، وأطول منكم آجالا ؟ ! طحنهم الثرى بكلكله ، ومزقهم بتطاوله ، فتلك عظامهم بًالية ، وبيوتهم خالية ، عمرتها الذئاب العاوية ، كلا ، بل هو الله الواحد المعبود ، ليس بوالد ولا مولود ! ! ثم أنشأ يقول : في الذاهبين الأولين من القرون لنا بصائر ، لما رأيت مواردا للموت ليس لها مصادر ، ورأيت قومي نحوها يمضي الأصاغر والأكابر ، لا يرجع الماضي إلى ولا من البًاقين غابر ، أيقنت أني لا محالة حيث صار القوم صائر . ثم جلس فقام رجل من الأنصار بعده كأنه قطعة جبل ، ذو هامة عظيمة ، وقامة جسيمة ، قد دوم عمامته ، وأرخى ذؤابته ، منيف أنوف ، أحدق أجش الصوت ، فقال : يا سيد المرسلين وصفوة رب العالمين ، لقد رأيت من قس عجبًا ، وشهدت منه مرغبًا . فقال : وما الذي رأيته منه وحفظته عنه ؟ فقال : خرجت في الجاهلية أطلب بعيرا لي شرد مني كنت أقفو أثره وأطلب خبره ، في نتائف حقائف ، ذات دعادع وزعازع ، ليس بها للركب مقيل ، ولا لغير الجن سبيل ، وإذا أنا بموئل مهول في طود عظيم ليس به إلا البوم . وأدركني الليل فولجته مذعورا لا آمن فيه حتفي ، ولا أركن إلى غير سيفي . فبت بليل طويل كأنه بليل موصول ، أرقب الكوكب ، وأرمق الغيهب ، حتى إذا الليل عسعس ، وكاد الصبح أن يتنفس ، هتف بي هاتف يقول : يا أيها الراقد في الليل الأحم ، قد بعث الله نبيا في الحرم ، من هاشم أهل الوفاء والكرم ، يجلو دجنات الدياجي والبهم ، قال : فأدرت طرفي فما رأيت له شخصا ولا سمعت له فحصا ، فأنشأت أقول : يا أيها الهاتف في داجي الظلم أهلا وسهلا بك من طيف ألم ، بين هداك الله في لحن الكلم ، ماذا الذي تدعو إليه يغتنم ؟ قال : فإذا أنا بنحنحة ، وقائل يقول : ظهر النور ، وبطل الزور ، وبعث الله محمدا صلى الله عليه وسلم بًالحبور ، صاحب النجيب الأحمر ، والتاج والمغفر ، ذو الوجه الأزهر ، والحاجب الأقمر ، والطرف الأحور ، صاحب قول شهادة : أن لا إله إلا الله ، فذلك محمد المبعوث إلى الأسود والأبيض ، أهل المدر والوبر . ثم أنشأ يقول : الحمد لله الذي لم يخلق الخلق عبث لم يخلنا حينا سدى من بعد عيسى واكترث أرسل فينا أحمدا خير نبي قد بعث صلى عليه الله ما حج له ركب وحث ، قال : فذهلت عن البعير واكتنفني السرور ، ولاح الصبًاح ، واتسع الإيضاح ، فتركت الموراء ، وأخذت الجبل ، فإذا أنا بًالفنيق يستنشق النوق ، فملكت خطامه ، وعلوت سنامه ، فمرج طاعة وهززته ساعة ، حتى إذا لغب وذل منه ما صعب ، وحميت الوسادة ، وبردت المزادة ، فإذا الزاد قد هش له الفؤاد ! تركته فترك ، وأذنت له فبرك ، في روضة خضرة نضرة عطرة ، ذات حوذان وقربًان وعنقران وعبيثران وجلى وأقاح وجثجاث وبرار وشقائق ونهار كأنما قد بًات الجو بها مطيرا ، وبًاكرها المزن بكورا ، فخلالها شجر ، وقرارها نهر ، فجعل يرتع أبًا ، وأصيد ضبًا ، حتى إذا أكلت وأكل ! ونهلت ونهل ، وعللت وعل - حللت عقاله ، وعلوت جلاله ، وأوسعت مجاله ، فاغتنم الحملة ومر كالنبلة ، يسبق الريح ، ويقطع عرض الفسيح ، حتى أشرف بي على واد وشجر ، من شجر عاد مورقة مونقة ، قد تهدل أغصانها كأنما بريرها حب فلفل ، فدنوت فإذا أنا بقس بن ساعدة في ظل شجرة بيده قضيب من أراك ينكت به الأرض وهو يترنم بشعر ، وهو : ياناعي الموت والملحود في جدث عليهم من بقايا بزهم خرق دعهم فإن لهم يوما يصاح بهم فهم إذا أنبهوا من نومهم فرقوا ، حتى يعودوا لحال غير حالهم خلقا جديدا كما من قبله خلقوا ، منهم عراة ومنهم في ثيابهم  .,عبدالله بن عباس,البيهقي,دلائل النبوة,2/105,روي من وجه آخر منقطعا,دلائل النبوة,الأدب
قدِم الجارودُ بنُ عبدِ اللهِ وكان سيِّدًا في قومِه مطاعًا عظيمًا في عشيرتِه مطاعَ الأمرِ رفيعَ القدرِ عظيمَ الخطرِ ظاهرَالأدبِشامخَ الحسبِ بديعَ الجمالِ حسنَ الفِعالِ ذا منْعةٍ ومالٍ في وفدِ عبدِ القيسِ من ذَوِي الأخطارِ والأقدارِ والفضلِ والإحسانِ والفصاحةِ والرُّهبانِ كان رجلٌ منهم كالنَّخلةِ السَّحوقِ على ناقةٍ كالفحلِ العتيقِ قد جنَبوا الجيادَ وأعدُّوا للجِلادِ مُجدِّين في مسيرِهم حازمين في أمرِهم يسيرون ذميلًا يقطعون ميلًا فميلًا حتَّى أناخوا عند مسجدِ النَّبيِّ صلَّى اللهُ عليه وسلَّم فأقبل الجارودُ على قومِه والمشايخِ من بني عمِّه فقال يا قومِ هذا محمَّدٌ الأغرُّ سيِّدُ العربِ وخيرُ ولدِ عبدِ المطَّلبِ فإذا دخلتم عليه ووقفتم بين يدَيْه فأحسِنوا عنده السَّلامَ وأقلُّوا عنده الكلامَ فقالوا بأجمعِهم أيُّها الملكُ الهمامُ والأسدُ الضُّرغامُ لن نتكلَّمَ إذا حضرتَ ولن نُجاوزَ ما أمرتَ فقُلْ ما شئتَ فإنَّا سامعون اعمَلْ ما شئتَ فإنَّا تابعون وقال الصَّابونيُّ مُبايعون فنظر الجارودُ في كلِّ كَمِيٍّ صِنديدٍ قد دوَّموا العمائمَ وتزيُّوا بالصَّوارمِ يجرُّون أسيافَهم ويستحِبون أذيالَهم يتناشدون الأشعارَ ويتذاكرون مناقبَ الأخيارِ لا يتكلَّمون طويلًا ولا يسكُتون عِيًّا إن أمرهم ائتَمروا وإن زجرهم ازدجروا وقال الصَّابونيُّ انزجروا كأنَّهم أُسدٌ يقدُمُها ذو لبْدةٍ مهولٌ حتَّى مثُلوا بين يديِ النَّبيِّ صلَّى اللهُ عليه وسلَّم فلمَّا دخل القومُ المسجدَ وأبصرهم أهلُ المشهدِ دلَف الجارودُ أمامَ النَّبيِّ صلَّى اللهُ عليه وسلَّم وحسَر لِثامَه وأحسن سلامَه ثمَّ أنشأ يقولُ يا نبيَّ الهدَى أتتك رجالٌ قطعت فدْفدًا وآلًا فآلًا وقال البيهقيُّ مهمهًا وطوت نحوَك الصَّحاصِحَ طُرًّا لا تخالُ الكِلالَ قبلُ كِلالًا كلُّ دهماءَ يقصُرُ الطَّرفُ عنها أرقَلتها قِلاصُنا إرقالًا وطوتها الجيادُ تُحمْحِمُ فيها بكُماةٍ كأنجُمٍ تتلالا تبتغي دفعَ بأسِ يومٍ عبوسٍ أوجَلِ القلبِ ذِكرُه ثمَّ هالا فلمَّا سمِع النَّبيُّ عليه الصَّلاةُ والسَّلامُ فرِح فرحًا شديدًا وقرَّبه وأدناه ورفع مجلسَه وحيَّاه وأكرمه وقال يا جارودُ لقد تأخَّر بك وبقومِك الموعِدُ وطال بكم الأمَدُ قال واللهِ يا رسولَ اللهِ لقد أخطأ من أخطأك قصدَه وعدِم رُشدَه وتلك أيمُ اللهِ أكبرُ خيبةٍ وأعظمُ حويَةٍ والرَّائدُ لا يكذبُ أهلَه ولا يغُشُّ نفسَه لقد جئتَ بالحقِّ ونطقتَ بالصِّدقِ والَّذي بعثك بالحقِّ نبيًّا واختارك للمؤمنين وليًّا لقد وجدتُ وصفَك في الإنجيلِ ولقد بشَّر بك ابنُ البتولِ فطوَّل التَّحيَّةَ لك والشُّكرَ لمن أكرمك وأرسلك لا أثرَ بعد عينٍ ولا شكَّ بعد يقينٍ مُدَّ يدَك فأنا أشهدُ أن لا إلهَ إلَّا اللهُ وأنَّك محمَّدٌ رسولُ اللهِ قال فآمن الجارودُ وآمن من قومِه كلُّ سيِّدٍ فسُرَّ النَّبيُّ صلَّى اللهُ عليه وسلَّم سرورًا وابتهج حُبورًا وقال يا جارودُ هل في جماعةِ وفدِ عبدِ القيسِ من يعرِفُ لنا قَسًّا قال كلُّنا نعرفُه يا رسولَ اللهِ وأنا من بين قومي كنتُ أقفو أثرَه وأطلب خبرَه كان قَسٌّ سبطًا من أسباطِ العربِ صحيحَ النَّسبِ فصيحًا إذا خطب ذا شيبةٍ حسنةٍ عُمِّر سبعَمائةِ سنةٍ يتقفَّرُ القِفارَ لا تُكِنُّه دارٌ ولا يُقرُّه قرارٌ يتحسَّى في تقفُّرِه بيضَ النَّعامِ ويأنسُ بالوحشِ والهوامِّ يلبسُ المُسوحَ ويتبَعُ السِّياحَ على منهاجِ المسيحِ لا يفتُرُ من الرَّهبانيَّةِ يُقرُّ للهِ تعالَى بالوحدانيَّةِ يُضرَبُ بحكمتِه الأمثالُ ويُكشفُ به الأهوالُ وتتبعه الأبدالُ أدرك رأسَ الحواريِّين سمعانَ فهو أوَّلُ من تألَّه من العربِ وأعبدُ من تعبَّد في الحِقَبِ وأيقَن بالبعثِ والحسابِ وحذَّر سوءَ المُنقَلَبِ والمآبِ ووعَظ بذِكرِ الموتِ وأمر بالعملِ قبل الفوْتِ الحسنِ الألفاظِ الخاطبِ بسوقِ عُكاظٍ العالمِ بشرقٍ وغربٍ ويابسٍ ورطْبٍ أُجاجٍ وعذبٍ كأنِّي أنظرُ إليه والعربُ بين يدَيْه يُقسِمُ بالرَّبِّ الَّذي هو له ليبلغنَّ الكتابُ أجلَه وليوفينَّ كلُّ عاملٍ عملَه وأنشأ يقولُ هاج للقلبِ من جَواه ادِّكار وليالٍ خلالَهنَّ نهارُ ونجومٌ يحُثُّها قمرُ اللَّيلِ وشمسٌ في كلِّ يومٍ تُدارُ ضوؤُها يطمِسُ العيونَ وإرعادٌ شديدٌ في الخافقَيْن مُطارُ وغلامٌ وأشمطُ ورضيعٌ كلُّهم في التُّرابِ يومًا يُزارُ وقصورٌ مشيدةٌ حوَت الخيرَ وأخرَى خلت لهنَّ قِفارُ وكثيرٌ ممَّا يقصُرُ عنه جوسةُ النَّاظرِ الَّذي لا يحارُ والَّذي قد ذكرتُ دلَّ على اللهِ نفوسًا لها هدًى واعتبارُ فقال النَّبيُّ عليه الصَّلاةُ والسَّلامُ على رِسلِك يا جارودُ فلستُ أنساه بسوقِ عُكاظٍ على جملٍ له أورقَ وهو يتكلَّمُ بكلامٍ مُوثَّقٌ ما أظنُّ أنِّي أحفظُه فهل فيكم يا معشرَ المهاجرين والأنصارِ من يحفَظُ لنا منه شيئًا وقال الصَّابونيُّ يحفظُه فوثب أبو بكرٍ الصِّدِّيقُ رضِي اللهُ تعالَى عنه قائمًا فقال يا رسولَ اللهِ إنِّي أحفظُه وكنتُ حاضرًا ذلك اليومَ بسوقِ عُكاظٍ حين خطب فأطنب ورغَّب ورهَّب وحذَّر وأنذَر وقال في خطبتِه أيُّها النَّاسُ اسمعوا وعُوا وإذا وعيتم فانتفعوا إنَّه من عاش مات ومن مات فات وكلُّ ما هو آتٍ آتٍ نباتٌ ومطرٌ وأرزاقٌ وأقواتٌ وآباءٌ وأمَّهاتٌ وأحياءٌ وأمواتٌ جميعٌ وأشتاتٌ وآياتٌ بعد آياتٍ إنَّ في السَّماءِ لخبرًا وإنَّ في الأرضِ لعِبرًا ليلٌ داجٍ وسماءٌ ذاتُ أبراجٍ وأرضٌ ذاتُ ارتياجٍ وبحارٌ ذاتُ أمواجٍ ما لي أرَى النَّاسَ يذهبون فلا يرجعون أرضوا بالمقامِ فأقاموا أم تُرِكوا هناك فناموا أُقسِمُ قسمًا حقًّا لا حانثًا فيه ولا آثمًا إنَّ للهِ دينًا هو أحبُّ إليه من دينِكم الَّذي أنتم عليه ونبيًّا قد حان حينُه وأظلَّكم زمانُه وأدرككم إبَّانُه فطوبَى لمن آمن به فهداه فويلٌ لمن خالفه وعصاه ثمَّ قال تبًّا لأربابِ الغفلةِ من الأممِ الخاليةِ والقرونِ الماضيةِ يا معشرَ إيادٍ من الأبِ والأجدادِ من المريضِ والعُوَّادِ وأين الفراعنةُ الشِّدادُ أين من بنا وشيَّد وزخرف وجدَّد وغرَّه المالُ والولَدُ أين من طغَى وبغَى وجمع فأوعَى وقال أنا ربُّكم الأعلَى ألم يكونوا أكثرَ منكم أموالًا وأبعدَ منكم آمالًا وأطولَ منكم آجالًا طحنهم الثَّرَى بكَلْكَلِه ومزَّقهم بتطاوُلِه فبلت عِظامَهم باليةٌ وبيوتُهم خاليةٌ وعمَرتها الذِّيابُ العاديةُ وقال أبو صالحٍ العاويةُ كلَّا بل هو اللهُ الواحدُ المعبودُ ليس بوالدٍ ولا مولودٍ ثمَّ أنشأ يقولُ في الذَّاهبين الأوَّلين من القرونِ لنا بصائرُ لمَّا رأيتُ مواردَ للموتِ ليس لها مصادرُ ورأيتُ قومي نحوَها تُمضِي الأصاغرَ الأكابرُ لا يرجعُ الماضي إليَّ ولا من الباقين غابرٌ أيقنتُ أنِّي لا محالةَ حيث يصيرُ القومُ صائرٌ قال فجلس ثمَّ قام رجلٌ زاد أبو عبدِ اللهِ من الأنصارِ بعده كأنَّه قطعةُ جبلٍ ثمَّ اتَّفقا فقالا ذو هامةٍ عظيمةٍ وقامةٍ جسيمةٍ قد دوَّم عِمامتَه وأرخَى ذؤابتَه منيفٌ أنوفٌ أشدقُ حسَنُ الصَّوتِ فقال يا سيِّدَ المرسلين وصفوةَ ربِّ العالمين لقد رأيتُ من قَسٍّ عجبَا وشهِدتُ منه مرغبًا فقال وما الَّذي رأيتَه منه وحفِظتَه عنه فقال خرجتُ في الجاهليَّةِ أطلُبُ بعيرًا لي شرد منِّي أقفو أثرَه وأطلُبُ خبرَه في تنائِفَ وقال الصَّابونيُّ وإسماعيلُ في فيافي وقالا حقائفَ ذاتِ دعادعَ وزعازعَ وليس بها الرَّكبُ وقال إسماعيلُ ليس للرَّكبِ فيها مقيلٌ ولا لغيرِ الجنِّ سبيلٌ وإذا بموئلٍ مهولٍ في طودٍ عظيمٍ ليس به إلَّا البُومُ وأدركني اللَّيلُ فولجتُه مذعورًا لا آمنُ فيه حتفي ولا أركنُ إلى غيرِ سيفي فبِتُّ بليلٍ طويلٍ كأنَّه بليلٍ موصولٍ أرقبُ الكوكبَ وأرمُقُ الغيْهبَ حتَّى إذا عسعس اللَّيلُ وكان الصُّبحُ أن يتنفَّسَ هتَف بي هاتفٌ يقولُ : يا أيُّها الراقدُ في اللَّيلِ الأحمْ قد بعث اللهُ نبيًّا في الحرمْ من هاشمٍ أهلِ الوفاءِ والكرمْ يجلو دجِناتِ الدَّياجي والبُهُمْ قال فأدرتُ طرفي فما رأيتُ له شخصًا ولا سمِعتُ له فَحْصًا فأنشأتُ أقولُ : يا أيُّها الهاتفُ في داجي الظُّلَمْ أهلًا وسهلًا بك من طيْفٍ ألمّ بيِّنْ هداك اللهُ في لحنِ الكَلِمْ ماذا الَّذي تدعو إليه يُغتنَمْ قال فإذا أنا بنحنحةٍ وقائلٍ يقولُ ظهر النُّورُ وبطُل الزُّورُ وبعث اللهُ تبارك وتعالَى محمَّدًا صلَّى اللهُ عليه وسلَّم بالخيرِ صاحبِ النَّجيبِ الأحمرِ والتَّاجِ والمِغفرِ والوجهِ الأزهرِ والحاجبِ الأقمرِ والطَّرْفِ الأحوَرِ صاحبِ قولِ شهادةِ أن لا إلهَ إلَّا اللهُ فذلك محمَّدٌ المبعوثُ إلى الأسوَدِ والأبيضِ أهلِ المدَرِ والوبَرِ ثمَّ أنشأ يقولُ : الحمدُ للهِ الَّذي لم يخلُقْ الخلقَ عبثْ لم يُخلِنا حينًا سُدًى من بعد عيسَى واكترثْ أرسل فينا محمَّدًا خيرَ نبيٍّ قد بُعِث صلَّى عليه اللهُ ما حجَّ له ركْبٌّ وحَثْ قال فذُهِلتُ عن البعيرِ وألبسني السُّرورُ ولاح الصَّباحُ واتَّسع الإيضاحُ فتركتُ الموْرَ وأخذتُ الجبلَ فإذا أنا بالعتيقِ يُشقشِقُ إلى النُّوقِ فأخذتُ بخطامِه وعلوتُ سِنامَه فمرح طاعةً وهززتُه ساعةً حتَّى إذا لغَب وذلَّ منه ما صعُب وحَمِيت الوسادةُ وبرَدت المزادةُ فإذا الزَّادُ قد هشَّ له الفؤادُ برَّكتُه فبرِك وأذِنتُ له فترك في روضةٍ خضِرةٍ نضِرةٍ عطِرةٍ ذاتِ حوذانٍ وقُربانٍ وعُنقرانٍ وعَبَيْثرانِ زاد إسماعيلُ نعنعٌ وشيحٌ وقالا وحَلْيٌ وأقاحٌ وجثْجاثٌ وبِرارٌ وشقائقُ وبُهارٌ كأنَّما قد مات الجوُّ بها مطيرًا أو باكرها المُزنُ بُكورًا فخلا لها شجرٌ وقرارُها نهرٌ فجعل يرتعُ أبًّا وأصِيدُ ضبًّا حتَّى إذا أكل وأكلتُ ونهلتُ ونهل وعلَلتُ وعلَّ وحَللتُ عَقالَه وعلوتُ جلالَه وأوسعتُ مجالَه فاغتنم الحملةَ ومرَّ كالنَّبلةِ يسبِقُ الرِّيحَ ويقطعُ عرضَ الفسيحِ حتَّى أشرف بي على وادٍ وشجرٍ من شجرِ عادٍ مُورِقةٌ مُونِقةٌ قد تهدَّل أغصانُها كأنَّها بريرُها حبُّ فُلفُلٍ فدنوْتُ فإذا أنا بقَسِّ بنِ ساعدةَ في ظلِّ شجرةٍ بيدِه قضيبٌ من أراكٍ ينكُتُ به الأرضَ وهو يترنَّمُ ويُشعِرُ زاد البيهقيُّ وأبو صالحٍ وهو يقولُ يا ناعيَ الموتِ والملْحودَ في جدَثٍ علِّمْهم من بقايا بَزِّهم خرَقُ دَعْهم فإنَّ لهم يومًا يُصاحُ لهم فهم إذا انتبهوا من يومِهم فِرَقُ حتَّى يعودوا بحالٍ غيرِ حالِهم خلقًا جديدًا كما من قبلِه خُلِقوا منهم عراةٌ ومنهم في ثيابِهم منها الجديدُ ومنها المنهجُ الخَلِقُ ، قال فدنوْتُ منه فسلَّمتُ عليه فردَّ عليَّ السَّلامَ وإذا أنا بعينِ خرَّارةٍ في الأرضِ خوَّارةٍ ومسجدٍ بين قبرَيْن وأسدَيْن عظيمَيْن يلوذان به ويتمسَّحان بأبوابِه وإذا أحدُهما سبق الآخرَ إلى الماءِ فتبِعه الآخرُ يطلبُ الماءَ فضربه بالقضيبِ الَّذي في يدِه وقال ارجَعْ ثكِلتك أمُّك حتَّى يشربَ الَّذي ورد قبلك على الماءِ قال فرجع ثمَّ ورد بعده فقلتُ له ما هذان القبران فقال هذان قبرا أخوَيْن لي كانا يعبدان اللهَ تبارك وتعالَى في هذا المكانِ لا يُشرِكان باللهِ تبارك وتعالَى شيئًا فأدركهما الموتُ فقبرتُهما وها أنا بين قبرَيْهما حقٌّ ألحقُ بهما ثمَّ نظر إليهما فتغرغرت عيناه بالدُّموعِ وانكبَّ عليهما وجعل يقولُ : ألم تريا أنِّي بسَمْعان مُفرَدُ وما لي فيها من خليلٍ سواكما خليليَّ هُبَّا طال ما قد رقدتما أجدُكما لا تقضيان كراكما ألم تريا أنِّي بشَمعانَ مُفرَدُ وما لي فيها من خليلٍ سواكما مقيمٌ على قبرَيْكما لستُ بارحًا طُوالَ اللَّيالي أو يُجيبُ صداكما أبكيكُما طُولَ الحياةِ وما الَّذي يردُّ على ذي عولةٍ إن بكاكما كأنَّكما والموتَ أقربُ غائبٍ بروحي في قبرَيْكما قد أتاكما أمن طُولِ نومٍ لا تُجيبان داعيًا كأنَّ الَّذي يَسقي العقارَ سقاكما فلو جُعِلت نفسٌ لنفسٍ وِقايةً لجُدتُ بنفسي أن تكونَ فِداكما فقال رسولُ اللهِ صلَّى اللهُ عليه وسلَّم رحِمُ اللهُ قَسًّا إنِّي أرجو أن يبعثَه اللهُ عزَّ وجلَّ أمَّةً وحدَه  .,عبدالله بن عباس,ابن عساكر,تاريخ دمشق,3/428,غريب,تاريخ دمشق,الأدب
إنَّ اللهَ أدبَني فأحسنَأدبي.,-,محمد بن محمد الغزي,إتقان ما يحسن,1/52,إسناده ضعيف جدا,إتقان ما يحسن,الأدب
ما نحلَ والدٌ ولدًا أفضلَ منأدَبٍحسنٍ  .,عمرو بن سعيد بن العاص,البخاري,التاريخ الكبير,1/422,مرسل لم يصح سماع عمرو من النبي صلى الله عليه وسلم,التاريخ الكبير,الأدب
ما نَحَلَ والدٌ ولدًا أفضلَ منأَدَبٍحَسَنٍ  .,عبدالله بن عمر,الترمذي,تهذيب التهذيب,4/49,غريب وهو عندي مرسل,تهذيب التهذيب,الأدب
أنَّ ابنَ مسعودٍ كان يكرَهُالتفسيرَفي القرآنِ  .,مسروق بن الأجدع,الهيثمي,مجمع الزوائد,7/161,رجاله رجال الصحيح,مجمع الزوائد,التفسير
عنِ ابنِ عباسٍ : سَلوني عنالتفسيرِفإني حفظتُ القرآنَ وأنا صغيرٌ  .,-,ابن حجر العسقلاني,فتح الباري لابن حجر,8/701,إسناده صحيح,فتح الباري لابن حجر,التفسير
أنَّ ابنَ عبَّاسٍ قال: سَلوني عنالتفسيرِ؛ فإنِّي حَفِظتُ القُرآنَ وأنا صغيرٌ.  .,-,القسطلاني,إرشاد الساري,7/474,إسناده صحيح,إرشاد الساري,التفسير
بعَثَنا رَسولُ اللهِ صلَّى اللهُ عليه وسلَّمَ إلى النَّجاشيِّ ونحن نحوٌ من ثَمانينَ رجُلًا، فذكَرَ الحَديثَ بطولِه كما أخرَجْتُه فيالتَّفْسيرِ.  .,عبدالله بن مسعود,الحاكم,المستدرك على الصحيحين,4297,صحيح الإسناد,المستدرك على الصحيحين,التفسير
رأيتُ مُجاهِدًا يسألُ ابنَ عبَّاسٍ عنتفسيرِالقرآنِ، ومعهُ الواحِدُ، فيقولُ له ابنُ عبَّاسٍ: اكتُبْ. قال: حتَّى سألَهُ عَنِالتَّفسيرِكلِّهِ.  .,ابن أبي مليكة,شعيب الأرناؤوط,تخريج سير أعلام النبلاء,14/ 168,سنده صحيح,تخريج سير أعلام النبلاء,التفسير
عن حذيفةَ أنه سُئِلَ عن : ? حَمِ عَسِقَ ? وعمرُ وعليّ وابن مسعودٍ وأبيّ بن كعبٍ وابن عباسٍ وعِدّة من أصحابِ النبي صلى الله عليه وسلم حضورٌ ، فقال حذيفةُ : العيْنُ : عذابٌ ، والسِينَ : السِنَةُ والمَجَاعة ، والقاف : قومٌ يقذِفونَ في آخرِ الزمانِ ، فقال له عمرُ : ممّن هُم ؟ قال : من ولدِ العباسِ في مدينةٍ يقال لها الزّوْرَاءَ ، ويقتلُ فيها مقتلةً عظيمةً وعليهم تقومُ الساعةُ ، قال ابن عباسٍ : ليسَ ذلكَ فينَا ، ولكن القاف : قذْف وخسْف يكونُ ، قال عمرُ لحذيفة : أما أنتَ فقد أصبتَالتّفْسيرَ، وأصابَ ابن عباسٍ المَعْنى ، فأصابتْ ابن عباسٍ الحُمّى حتى عادهُ عمر وعدةٌ من أصحابِ النبي صلى الله عليه وسلم مما سمعَ من حذيفة  .,عبيد بن عمير,الخطيب البغدادي,تاريخ بغداد,1/65,واهي الإسناد لا يثبت به حجة، متنه غير محفوظ,تاريخ بغداد,التفسير
عن خالِدِ بنِ خالِدٍ اليَشكُريِّ قال: خَرَجتُ زَمانَ فُتِحَتْ تُستَرُ حتى قَدِمتُ الكُوفةَ، فدَخَلتُ المَسجِدَ، فإذا أنا بحَلْقةٍ فيها رَجُلٌ صَدْعٌ مِن الرِّجالِ، حَسَنُ الثَّغْرِ، يُعرَفُ فيه أنَّه مِن رجالِ أهْلِ الحِجازِ، قال: فقُلتُ: مَنِ الرَّجُلُ؟ فقال القَومُ: أوَمَا تَعرِفُه؟ فقُلتُ: لا، فقالوا: هذا حُذَيفةُ بنُ اليَمانِ صاحِبُ رسولِ اللهِ صلَّى اللهُ عليه وسلَّمَ، قال: فقَعَدتُ، وحَدَّثَ القَومَ، فقال: إنَّ النَّاسَ كانوا يَسأَلون رسولَ اللهِ صلَّى اللهُ عليه وسلَّمَ عن الخَيرِ، وكُنتُ أسأَلُه عن الشَّرِّ، فأنكَرَ ذلك القَومُ عليه، فقال لهم: إنِّي سأُخبِرُكم بما أنكَرتُم مِن ذلك؛ جاء الإسلامُ حين جاءَ، فجاءَ أمْرٌ ليس كأمْرِ الجاهِليَّةِ، وكُنتُ قد أُعطيتُ في القُرآنِ فَهْمًا، فكان رجالٌ يَجيئُون فيَسألونَ عن الخَيرِ، فكُنتُ أسأَلُه عن الشَّرِّ، فقُلتُ: يا رسولَ اللهِ، أيكونُ بعدَ هذا الخَيرِ شَرٌّ كما كان قَبلَه شَرٌّ؟ فقال: نَعَمْ، قال: قُلتُ: فما العِصْمةُ يا رسولَ اللهِ؟ قال: السَّيفُ، قال: قُلتُ: وهل بعدَ هذا السَّيفِ بَقيَّةٌ؟ قال: نَعَمْ، تكونُ إمارةٌ على أقْذاءٍ، وهُدْنةٌ على دَخَنٍ، قال: قُلتُ: ثم ماذا؟ قال: ثم تَنشَأُ دُعاةُ الضَّلالةِ، فإنْ كان للهِ يَومَئذٍ في الأرضِ خَليفةٌ جَلَدَ ظَهْرَك، وأخَذَ مالَك فالْزَمْه، وإلَّا فمُتْ وأنتَ عاضٌّ على جِذْلِ شَجَرةٍ، قال: قُلتُ: ثم ماذا؟ قال: يَخْرُجُ الدَّجَّالُ بعدَ ذلك معه نَهَرٌ ونارٌ، مَن وَقَعَ في نارِه وَجَبَ أجْرُه وحُطَّ وِزْرُه، ومَن وَقَعَ في نَهَرِه وَجَبَ وِزْرُه وحُطَّ أجْرُه، قال: قُلتُ: ثم ماذا؟ قال: ثم يُنتَجُ المُهْرُ، فلا يُركَبُ حتى تقومَ السَّاعةُ. الصَّدْعُ مِن الرِّجالِ: الضَّرْبُ، وقَوْلُه: فما العِصْمةُ منه؟ قال: السَّيفُ، كان قتادةُ يَضَعُه على الرِّدَّةِ التي كانت في زَمَنِ أبي بَكرٍ، وقَوْلُه: إمارةٌ على أقْذاءٍ، يقولُ: على قَذًى، وهُدْنةٌ، يقولُ: صُلْحٌ، وقَوْلُه: على دَخَنٍ، يقولُ: على ضَغائِنَ. قيلَ لعبدِ الرَّزَّاقِ: ممَّنِالتَّفسيرُ؟ قال: مِن قتادةَ، زَعَمَ.  .,حذيفة بن اليمان,شعيب الأرناؤوط,تخريج المسند لشعيب,23429,"حسن دون قوله: ""ثم ينتج المهر فلا يركب حتى تقوم الساعة""",تخريج المسند لشعيب,التفسير
"خرج نافعُ بنُ الأزرقِ ونجدةُ بنُ عويمرٍ في نفرٍ من رؤوسِ الخوارجِ ينقرون عن العلمِ ويطلبونَه حتى قدموا مكةَ فإذا هم بعبدِ اللهِ بنِ عباسٍ قاعدًا قريبًا من زمزمَ وعليه رداءٌ أحمرُ وقميصٌ فإذا أناسٌ قيامٌ يسألونه عنالتفسيرِيقولون يا ابنَ عباسٍ ما تقولُ في كذا وكذا فيقولُ هو كذا وكذا فقال له نافعُ بنُ الأزرقِ ما أجرأكَ يا ابنَ عباسٍ على ما تخبرُ به منذ اليومَ فقال له ابنُ عباسٍ ثكلتْك أُمُّك يا نافعُ وعدمْتُك ألا أخبرُك من هو أجرأُ منِّي قال من هو يا ابنَ عباسٍ قال رجلٌ تكلَّم بما ليس له به عِلْمٌ أو كتم علمًا عندَه قال صدقتَ يا ابنَ عباسٍ أتيتُك لِأسألُك قال هاتِ يا ابنَ الأزرقِ فسلِ قال فأخبرني عن قولِ اللهِ عزَّ وجلَّ  يُرْسَلُ عَلَيْكُمَا شُوَاظٌ من نَارٍ  ما الشواظُ قال اللهبُ الذي لا دخانَ فيه قال وهل كانتِ العربُ تعرفُ ذلك قبلَ أن ينزلَ الكتابُ على محمدٍ صلَّى اللهُ عليه وسلَّمَ قال نعم أما سمعت قولَ أميةَ بنَ أبي الصلْتِ أَلَا مَنْ مُبْلِغٌ حَسَّانَ عَنِّي مُغَلْغَلَةً تَدِبُّ إلى عُكَاظِ
أَلَيْسَ أَبُوكَ قَيْنًا كَانَ فِينَا إلى القَيْنَاتِ فَسْلًا في الحِفَاظِ
يَمَانِيًّا يَظَلُّ يَشُبُّ كِيرًا ويَنْفُخُ دَائِبًا لَهَبَ الشُّوَاظِ قال صدقتَ فأخبرني عن قولِه  ونُحاسٌ فَلَا تَنْتَصِرَانِ  ما النحاسُ قال الدخانُ الذي لا لهبَ فيه قال وهل كانتِ العربُ تعرفُ ذلك قبلَ أن ينزلَ الكتابُ على محمدٍ صلَّى اللهُ عليه وسلَّمَ قال نعم قال أما سمعتَ قولَ نَابِغَةِ بَنِي ذُبْيانَ
يُضِيءُ كَضَوْءِ سِرَاجِ السَّليـ ـطِ لَمْ يَجْعَلِ اللهُ فِيهِ نُحاسَا
قَالَ صَدَقْتَ فَأَخْبِرْنِي عن قَوْلِ اللهِ عزَّ وجلَّ أَمْشَاجٍ نَبْتَلِيهِ قال ماءُ الرجُلِ ومَاءُ المرْأَةِ إذا اجْتَمَعَا في الرَّحِمِ كَانَ مِشْجًا قال وهل كانتِ العربُ تعرفُ ذلك قبلَ أن ينزلَ الكتابُ على محمدٍ صلَّى اللهُ عليه وسلَّمَ قال نعم قال أما سمعتَ قولَ ذُؤَيْبٍ الهُذَلِيِّ وهو يقولُ كأنَّ النصلَ والفوقينِ فيه خلافُ الريش سيطٌ به مشيجُ – قال صدقتَ فأخبرني عن قولِ اللهِ عزَّ وجلَّ وَالْتَفَّتِ السَّاقُ بِالسَّاقِ ما الساقُ بالساقِ قال الحربُ قال وهل كانتِ العربُ تعرفُ ذلك قبلَ أن ينزلَ الكتابُ على محمدٍ صلَّى اللهُ عليه وسلَّمَ قال نعم قال أما سمعتَ قول أبي ذُؤَيْبٍ أَخُو الحَرْبِ إِنْ عَضَّتْ بِهِ الحَرْبُ عَضَّهَا وإِنْ شَمَّرَتْ عن سَاقِهَا الحَرْبُ شَمَّرَا فأخبرني عن قولِ الله عزَّ وجلَّ  بَنِينَ وحَفَدَةً  ما البنونُ والحفدةُ قال أمَّا بنوكَ فإنهم يُغاظونَك وأمَّا حفدتُك فإنهم خدمُك قال وهل كانتِ العربُ تعرفُ ذلك قبلَ أن ينزلَ الكتابُ على محمدٍ صلَّى اللهُ عليه وسلَّمَ قال نعم قال أما سمعتَ قول أميةَ بنَ الصلتِ حَفَدَ الوَلَائِدُ حَوْلَهُنَّ وأُلْقِيَتْ بِأَكُفِّهِنَّ أَزِمَّةُ الأَحْمَالِ قال صدقتَ فأخبرني عن قولِ الله عزَّ وجلَّ إِنَّمَا أَنْتَ من المُسَحَّرِينَ قال من المخلوقين قال وهل كانتِ العربُ تعرفُ ذلك قبلَ أن ينزلَ الكتابُ على محمدٍ صلَّى اللهُ عليه وسلَّمَ قال نعم قال أما سمعتَ قولَ أميةَ بن أبي الصلتِ الثقفيِّ وهو يقولُ فَإِنْ تَسْأَلِينَا مِمَّ نَحْنُ فَإِنَّنَا عَصافِيرُ من هذا الأَنَامِ المُسَحَّرِ قال صدقتَ فأخبرني عن قولِ اللهِ عزَّ وجلَّ فَنَبَذْنَاهُ في اليَمِّ وهُوَ مُلِيمٌ ما المُلِيمُ ؟ قال المُذْنِبُ قال وهل كانتِ العربُ تعرفُ ذلك قبلَ أن ينزلَ الكتابُ على محمدٍ صلَّى اللهُ عليه وسلَّمَ قال نعم قال أما سمعتَ قولَ أميةَ بن أبي الصلتِ وهو يقولُ بَعِيدٌ من الآفَاتِ لَسْتَ لَهَا بِأَهْلٍ ولَكِنَّ المُسِيءَ هو المُلِيمُ قال صدقتَ فأخبرني عن قولِ اللهِ عزَّ وجلَّ  قُلْ أَعُوذُ بِرَبِّ الفَلَقِ  ما الفلقُ قال ضوءُ الصبحِ قال وهل كانتِ العربُ تعرفُ ذلك قبلَ أن ينزلَ الكتابُ على محمدٍ صلَّى اللهُ عليه وسلَّمَ قال نعم قال أما سمعتَ قولَ لبيدَ بنِ ربيعةِ وهو يقولُ الفَارِجُ الهَمِّ مَبْذُولٌ عَسَاكِرُهُ كَمَا يُفَرِّجُ ضَوْءَ الظُّلْمَةِ الفَلَقُ – قال صدقتَ فأخبرني عن قولِ اللهِ عزَّ وجلَّ  لِكَيْلَا تَأْسَوْا على ما فَاتَكُمْ ولَا تَفْرَحُوا بِمَا آتاكُمْ  ما الأساةُ قال لا تحزنوا قال وهل كانتِ العربُ تعرفُ ذلك قبلَ أن ينزلَ الكتابُ على محمدٍ صلَّى اللهُ عليه وسلَّمَ قال نعم قال أما سمعتَ قولَ لبيدَ بنِ ربيعةِ قَلِيلُ الأَسَى فِيمَا أَتَى الدَّهْرُ دُونَهُ كَرِيمُ النَّثَا حُلْوُ الشَّمَائِلِ مُعْجِبُ – قال صدقتَ فأخبرني عن قولِ اللهِ عزَّ وجلَّ  ظَنَّ أنْ لَنْ يَحُورَ  ما يحورُ قال يرجعُ قال وهل كانتِ العربُ تعرفُ ذلك قبلَ أن ينزلَ الكتابُ على محمدٍ صلَّى اللهُ عليه وسلَّمَ قال نعم قال أما سمعتَ قولَ لبيد بن ربيعة ومَا المَرْءُ إِلَّا كَالشِّهَابِ وضَوْؤُهُ يَحُورُ رَمَادًا بَعْدَ إِذْ هو سَاطِعُ قال صدقتَ فأخبرني عن قولِ اللهِ عزَّ وجلَّ  يَطُوفُونَ بَيْنَهَا وبَيْنَ حَمِيمٍ آنٍ ما الآن قال الذي قد انتهى حره قال وهل كانتِ العربُ تعرفُ ذلك قبلَ أن ينزلَ الكتابُ على محمدٍ صلَّى اللهُ عليه وسلَّمَ قال نعم قال أما سمعتَ قولَ نَابِغَةِ بَنِي ذُبْيانَ فَإِنْ يَقْبِضْ عليك أَبْو قُبَيْسٍ تَحُطَّ بِكَ المَنِيَّةُ في هَوَانِ – قال صدقتَ فأخبرني عن قولِ اللهِ عزَّ وجلَّ فَأَصْبَحَتْ كَالصَّرِيمِ ما الصريمُ قال الليلُ المظلمُ قال وهل كانتِ العربُ تعرفُ ذلك قبلَ أن ينزلَ الكتابُ على محمدٍ صلَّى اللهُ عليه وسلَّمَ قال نعم قال أما سمعتَ قولَ نابغةِ بني ذُبيانَ لا تَزْجُرُوا مُكْفَهِرًّا لا كَفَاءَ لَهُ كاللَّيْلِ يَخْلِطُ أَصْرَامًا بِأَصْرَامِ – قال صدقتَ فأخبرني عن قولِ اللهِ عزَّ وجلَّ  إلى غَسَقِ اللَّيْلِ ما غَسَقُ اللَّيْلِ قال إِذَا أَظْلَمَ قال وهل كانتِ العربُ تعرفُ ذلك قبلَ أن ينزلَ الكتابُ على محمدٍ صلَّى اللهُ عليه وسلَّمَ قال نعم قال أما سمعتَ النابغة وهو يقولُ كَأَنَّمَا جَدُّ ما قَالُوا ومَا وعَدُوا آلٌ تَضَمَّنَهُ من دَامِسٍ غَسَقِ قال أَبُو خَلِيفَةَ الآلُ السَّرَابُقال صدقتَ فأخبرني عن قولِ اللهِ عزَّ وجلَّ  وكَانَ اللهُ على كُلِّ شَيْءٍ مُقِيتًا  ما المقيتُ قال قادرٌ قال وهل كانتِ العربُ تعرفُ ذلك قبلَ أن ينزلَ الكتابُ على محمدٍ صلَّى اللهُ عليه وسلَّمَ قال نعم قال أما سمعتَ قولَ امرئِ القيسِ وذِي ضِغْنٍ كَفَفْتُ الضِّغْنَ عنه وإِنِّي في مُسَاءَتِهِ مُقِيتُ – قال صدقتَ فأخبرني عن قولِ اللهِ عزَّ وجلَّ  واللَّيْلِ إِذَا عَسْعَسَ  قال إقبالُ سوادَه قال وهل كانتِ العربُ تعرفُ ذلك قبلَ أن ينزلَ الكتابُ على محمدٍ صلَّى اللهُ عليه وسلَّمَ قال نعم قال أما سمعتَ قولَ امرئِ القيسِ عَسْعَسَ حتى لَوْ يُشَا كَا نَ لَهُ من ضَوْئِهِ قَبَسُ– قال صدقتَ فأخبرني عن قولِ اللهِ عزَّ وجلَّ  وأَنَا بِهِ زَعِيمٌ قال الزعيمُ الكفيلُ قال وهل كانتِ العربُ تعرفُ ذلك قبلَ أن ينزلَ الكتابُ على محمدٍ صلَّى اللهُ عليه وسلَّمَ قال نعم قال أما سمعتَ قولَ امرئِ القيسِ وإِنِّي زَعِيمٌ إِنْ رَجَعْتُ مُمَلَّكًا بِسَيْرٍ تَرَى مِنْهُ الفَرَانِقَ أَزْوَرَا – قال صدقتَ فأخبرني عن قولِ اللهِ عزَّ وجلَّ  وفُومِهَا  ما الفومُ قال الحنطةُ قال وهل كانتِ العربُ تعرفُ ذلك قبلَ أن ينزلَ الكتابُ على محمدٍ صلَّى اللهُ عليه وسلَّمَ قال نعم قال أما سمعتَ قولَ أبي ذُؤَيْبٍ الهُذَلِيِّ قَدْ كُنْتُ أَحْسَبُنِي كَأَغْنَى وافِدٍ قَدِمَ المَدِينَةَ عن زِرَاعَةِ فُومِ – قال صدقتَ فأخبرني عن قولِ اللهِ عزَّ وجلَّ  والْأَزْلَامُ  ما الأزلامُ قال القداحُ قال وهل كانتِ العربُ تعرفُ ذلك قبلَ أن ينزلَ الكتابُ على محمدٍ صلَّى اللهُ عليه وسلَّمَ قال نعم قال أما سمعتَ قولَ الحُطَيْئَةِ لا يَزْجُرُ الطَّيْرَ إِنْ مَرَّتْ بِهِ سُنْحًا ولَا يُقَامُ لَهُ قَدَحٌ بِأَزْلَامِ – قال صدقتَ فأخبرني عن قولِ اللهِ عزَّ وجلَّ  وأَصْحابُ المَشْأَمَةِ ما أَصْحابُ المَشْأَمَةِ  قال أصحابُ الشمالِ قال وهل كانتِ العربُ تعرفُ ذلك قبلَ أن ينزلَ الكتابُ على محمدٍ صلَّى اللهُ عليه وسلَّمَ قال نعم قال أما سمعتَ قولَ زُهَيْرِ بنِ أبي سُلْمَى حَيْثُ يقولُ نَزَلَ الشَّيْبُ بِالشِّمَالِ قَرِيبًا والْمُرُورَاتِ دَانِيًا وحَقِيرَا– قال صدقتَ فأخبرني عن قولِ اللهِ عزَّ وجلَّ  وإِذَا البِحارُ سُجِّرَتْ  قال اختلطَ ماؤها بماءِ الأرضِ قال وهل كانتِ العربُ تعرفُ ذلك قبلَ أن ينزلَ الكتابُ على محمدٍ صلَّى اللهُ عليه وسلَّمَ قال نعم قال أما سمعتَ قولَ زُهَيْرِ بنِ أبي سُلْمَى
لَقَدْ عَرَفَتْ رَبِيعَةُ في جُذَامٍ وكَعْبٌ خالُهَا وابْنَا ضِرَارِ
لَقَدْ نَازَعْتُهُمْ حَسَبًا قَدِيمًا وقَدْ سَجَرَتْ بِحارُهُمْ بِحارِي – قال صدقتَ فأخبرني عن قولِ اللهِ عزَّ وجلَّ وَالسَّمَاءِ ذَاتِ الحُبُكِ  ما الحبكُ قال الطرائقُ قال وهل كانتِ العربُ تعرفُ ذلك قبلَ أن ينزلَ الكتابُ على محمدٍ صلَّى اللهُ عليه وسلَّمَ قال نعم قال أما سمعتَ قولَ زُهَيْرِ بنِ أبي سُلْمَى مُكَلَّلٌ بِأُصُولِ النَّجْمِ تَنْسِجُهُ رِيحُ الشَّمَالِ لِضَاحِي ما بِهِ حُبُكُ – قال صدقتَ فأخبرني عن قولِ اللهِ عزَّ وجلَّ  وأَنَّهُ تَعَالَى جَدُّ رَبِّنَا  قال ارتفعتْ عَظَمةُ ربِّنا قال وهل كانتِ العربُ تعرفُ ذلك قبلَ أن ينزلَ الكتابُ على محمدٍ صلَّى اللهُ عليه وسلَّمَ قال نعم قال أما سمعتَ قولَ طَرَفَةَ بنِ العَبْدِ لِلنُّعْمَانِ بنِ المُنْذِرِ إلى مَلِكٍ يَضْرِبُ الدَّارِعِينَ لَمْ يَنْقُصِ الشَّيْبُ مِنْهُ قُبالًا
أَتَرْفَعُ جَدَّكَ إنِّي امْرُؤٌ سَقَتْنِي الأَعَادِي سِجَالًا سِجَالَا – قال صدقتَ فأخبرني عن قولِ اللهِ عزَّ وجلَّ  حتى تَكُونَ حَرَضًا  قال الحرضُ البالي قال وهل كانتِ العربُ تعرفُ ذلك قبلَ أن ينزلَ الكتابُ على محمدٍ صلَّى اللهُ عليه وسلَّمَ قال نعم قال أما سمعتَ قولَ طَرَفَةَ بنِ العَبْدِ أَمِنْ ذِكْرِ لَيْلَى إِنْ نَأَتْ غُرْبَةٌ بِهَا أَعُدْ حَرِيضًا لِلْكِرَاءِ مُحَرَّمِ فأخبرني عن قولِ اللهِ عزَّ وجلَّ  وأَنْتُمْ سَامِدُونَ  قال لاهون قال وهل كانت العرب تعرف ذلك قبل أن ينزل الكتاب على محمد صلَّى اللهُ عليه وسلَّمَ قال نعم أما سمعتَ قولَ هُزَيْلَةَ بِنْتِ بَكْرٍ تَبْكِي عَادًا بُعِثَتْ عَادٌ لَقِيمًا وأَتَى سَعْدٌ شَرِيدَا- قِيلَ قُمْ فَانْظُرْ إليهمْ ثمَّ دَعْ عَنْكَ السُّمُودَا – قال فأخبرني عن قولِ اللهِ عزَّ وجلَّ  إِذَا اتَّسَقَ  ما اتساقه قال إذا اجتمع قال فهل كانتِ العربُ تعرفُ ذلك قبلَ أن ينزلَ الكتابُ على محمدٍ صلَّى اللهُ عليه وسلَّمَ قال نعم قال أما سمعتَ قولَ أبي صِرْمَةَ الأَنْصارِيِّ إِنَّ لنا قَلَائِصًا نَقَائِقَا مُسْتَوْسِقَاتٍ لَوْ تَجِدْنَ سَائِقَا – قال صدقتَ فأخبرني عن قولِ اللهِ عزَّ وجلَّ  الصَّمَدُ  أما الأحدُ فقد عرفناه فما الصمدُ قال الذي يصمدُ إليه في الأمورِ كلِّها قال وهل كانتِ العربُ تعرفُ ذلك قبل أن ينزلَ الكتابُ على محمدٍ صلَّى اللهُ عليه وسلَّمَ قال نعم أما سمعتَ بقولِ الأسَدِيَّةِ
أَلَا بَكَّرَ النَّاعِي بِخَيْرِ بَنِي أَسَدِ بِعَمْرِو بنِ مَسْعُودٍ وبِالسَّيِّدِ الصَّمَدِ – قال صدقتَ فأخبرني عن قولِ اللهِ عزَّ وجلَّ  يَلْقَ أَثَامًا  أما الأثامُ قال جزاءٌ قال فهل كانتِ العربُ تعرفُ ذلك قبلَ أن ينزلَ الكتابُ على محمدٍ صلَّى اللهُ عليه وسلَّمَ قال نعم قال أما سمعتَ قولَ بشر بن أبي خازمِ الأسديِّ وإِنَّ مَقَامَنَا يَدْعُو عَلَيْهِمْ بِأَبْطَحِ ذِي المَجَازِ لَهُ أَثَامُ – قال صدقتَ فأخبرني عن قولِ اللهِ عزَّ وجلَّ  وهُوَ كَظِيمٌ  قال الساكتُ قال وهل كانتِ العربُ تعرفُ ذلك قبلَ أن ينزلَ الكتابُ على محمدٍ صلَّى اللهُ عليه وسلَّمَ قال نعم قال أما سمعتَ قولَ زهيرِ بنِ خزيمةَ العبسيِّ فَإِنْ يَكُ كَاظِمًا بِمُصابِ شَاسِ فَإِنِّي اليَوْمَ مُنْطَلِقُ اللِّسَانِ – قال صدقتَ فأخبرني عن قولِ اللهِ عزَّ وجلَّ  أَوْ تَسْمَعُ لَهُمْ رِكْزًا  ما الركزُ قال صوتًا قال وهل كانتِ العربُ تعرفُ ذلك قبلَ أن ينزلَ الكتابُ على محمدٍ صلَّى اللهُ عليه وسلَّمَ قال نعم قال أما سمعتَ قولَ خراشِ بن زهيرٍ فَإِنْ سَمِعْتُمْ بَخِيلٍ هَابِطٍ شَرَفًا أَوْ بَطْنِ قَوٍّ فَأَخْفُوا الرِّكْزَ واكْتَتِمُوا – قال صدقتَ فأخبرني عن قولِ اللهِ عزَّ وجلَّ  إِذْ تَحُسُّونَهُمْ بِإِذْنِهِ  قال إذ تقتلونهم بإذنِه قال وهل كانتِ العربُ تعرفُ ذلك قبلَ أن ينزلَ الكتابُ على محمدٍ صلَّى اللهُ عليه وسلَّمَ قال نعم قال أما سمعتَ قولَ عتبةَ الليثيِّ نَحُسُّهُمُ بِالْبَيْضِ حتى كَأَنَّنَا نُفَلِّقُ مِنْهُمْ بِالْجَمَاجِمِ حَنْظَلَا – قال صدقتَ فأخبرني عن قولِ اللهِ عزَّ وجلَّ  يا أَيُّهَا النَّبِيُّ إِذَا طَلَّقْتُمُ النِّسَاءَ  هل كان الطلاقُ يُعرفُ في الجاهليةِ قال نعم طلاقًا بائنًا ثلاثًا أما سمعتَ قولَ أعشى بني قيس بن ثعلبة حين أخذه أُخْتانُهُ غَيْرَةً فقالوا إنك قد أضررتَ بصاحبتِنا وإنا نُقسمُ باللهِ أن لا نضعَ العصا عنك أو تُطلِّقُها فلما رأى الجدَّ منهم وإنهم فاعلون به شرًّا قال أَجَارَتَنَا بِينِي فَإِنَّكِ طَالِقَهْ كَذَاكِ أُمُورُ النَّاسِ غَادٍ وطَارِقَهْ – فقالوا واللهِ لَتبيننَّ لها الطلاقَ أو لا نضعُ العصا عنك فقال فَبِينِي فَإِنَّ البَيْنَ خَيْرٌ من العَصا وأَنْ لا تَزَالِي فَوْقَ رَأْسِكِ طَارِقَهْ فأبانها بثلاثِ تطليقاتٍ  .",الضحاك بن مزاحم,الهيثمي,مجمع الزوائد,6/306,فيه جويبر وهو متروك,مجمع الزوائد,التفسير
"خرَج نافعُ بنُ الأزرَقِ ونَجْدةُ بنُ عُوَيمرٍ في نَفَرٍ مِن رؤوسِ الخوارجِ يُنَقِّرون عَنِ العِلمِ ويطلُبونه حتَّى قدِموا مكَّةَ فإذا هم بعبدِ اللهِ بن عبَّاس قاعدًا قريبًا مِن زَمْزمَ وعليه رِداءٌ له أحمرُ وقميصٌ فإذا ناسٌ قيامٌ يسألونه عنالتَّفسيرِيقولون يا أبا عبَّاسٍ ما تقولُ في كذا وكذا فيقولُ هو كذا وكذا فقال له نافعٌ ما أجْرَأَك يا ابنَ عبَّاسٍ على ما تُخْبِرُ به منذُ اليومَ فقال له ابنُ عبَّاسٍ ثَكِلَتْك أُمُّك وعدِمَتْك ألَا أُخْبِرُك مَن هو أجْرَأُ منِّي قال مَن هو يا ابنَ عبَّاسٍ قال رجلٌ تكلَّم بما ليس له به عِلمٌ أو رجلٌ كتَم عِلمًا عندَه قال صدَقْتَ يا ابنَ عبَّاسٍ إنِّي أتَيْتُك لِأسألَك قال هاتِ يا ابنَ الأزرَقِ فسَلْ قال أخبِرْني عن قَولِ اللهِ عزَّ وجلَّ { يُرْسِلُ عَلَيْكُمَا شُوَاظٌ مِنْ نَارٍ وَنُحَاسٍ } ما الشُّواظُ قال اللَّهَبُ الَّذي لا دُخَانَ فيه قال وهل كانتِ العربُ تعرِفُ ذلك قبل أن ينزِلَ الكتابُ على محمَّدٍ صلَّى اللهُ عليه وسلَّم قال نعم أمَا سمِعْتَ قول أُمَيَّةَ بنِ أبي الصَّلْتِ ألَا مِنْ مُبْلِغٍ حَسَّانَ عَنِّي ... مُغَلْغِلَةً تَذبُّ إِلَى عُكَاظٍ
أَلَيْسَ أَبُوكَ قَيْنًا كَانَ فِينَا ... إِلَى الْفَتَيَاتِ فَسْلًا فِي الْحِفَاظِ
يَمَانِيًّا يَظَلُّ يَشِبُّ كِيرًا ... وَيَنْفُخُ دَائِبًا لَهَبَ الشُّوَاظِ. قال صدَقْتَ فأخبِرْني عن قولِه { وَنُحَاسٌ فَلَا تَنْتَصِرَانِ } قال الدُّخَانُ الَّذي لا لهَبَ فيه قال وهل كانتِ العربُ تعرِفُ ذلك قبل أن ينزِلَ الكتابُ على محمَّدٍ صلَّى اللهُ عليه وسلَّم قال نعم أمَا سمِعْتَ نابغةَ بني ذُبْيانَ يُضِيءُ كَضَوْءِ سِرَاجِ السَّلِيـ ـطِ ... لَمْ يَجْعَلْ فِيهِ نُحَاسًا. يعني دُخَانًا قال صدَقْتَ فأخبِرْني عن قولِ اللهِ { أَمْشَاجٍ نَبْتَلِيهِ } قال ماءُ الرَّجلِ وماءُ المرأةِ إذا اجتمعا في الرَّحِمِ كان مَشيجًا قال وهل كانتِ العربُ تعرِفُ ذلك قبل أن ينزِلَ الكتابُ على محمَّدٍ صلَّى اللهُ عليه وسلَّم قال نعم أمَا سمِعْتَ قولَ أبي ذُؤَيبٍ الهُذَلِيِّ وهو يقولُ كَأَنَّ النَّصْلَ وَالْقَوْقَيْنِ فِيهِ ... خِلَافُ الرِّيشِ سِيطَ بِهِ مَشِيجُ. قال صدَقْتَ فأخبِرْني عن قولِ اللهِ تعالى { وَالْتَفَّتِ السَّاقُ بِالسَّاقِ } ما السَّاقُ بالسَّاقِ قال الحربُ قال وهل كانتِ العربُ تعرِفُ ذلك قبل أن ينزِلَ الكتابُ على محمَّدٍ صلَّى اللهُ عليه وسلَّم قال نعم أمَا سمِعْتَ قَولَ أبي ذُؤَيبٍ أَخُو الْحَرْبِ إِنْ عَضَّتْ بِهِ الْحَرْبُ عَضَّهَا ... وَإِنْ شَمَّرَتْ عَنْ سَاقِهَا الْحَرْبُ شَمَّرَا. قال صدَقْتَ فأخبِرْني عن قولِ اللهِ عزَّ وجلَّ { بَنِينَ وحَفَدَةٍ } ما البَنينُ والحَفَدةُ قال أمَّا بنوك فإنَّهم يتعاطونك وأمَّا حفَدَتُك فإنَّهم خَدَمُك قال وهل كانتِ العربُ تعرِفَ ذلك قَبلَ أن ينزِلَ الكتابُ على محمَّدٍ صلَّى اللهُ عليه وسلَّم قال نعم أمَا سمِعْتَ قَولَ أميَّةَ بنِ أبي الصَّلْتِ حَفَدَ الْوَلَائِدُ حَوْلَهُنَّ وَأُلْقِيَتْ ... بِأَكُفِّهِنَّ أَزِمَّةُ الْأَحْمَالِ قال صدَقْتَ فأخبِرْني عن قَولِ اللهِ عزَّ وجلَّ { إنَّما أنت مِنَ المُسَحَّرِينَ } قال مِنَ المخلوقينَ قال وهل كانتِ العربُ تعرِفُ ذلك قَبلَ أن ينزِلَ الكتابُ على محمَّدٍ صلَّى اللهُ عليه وسلَّم قال نعم أمَا سمِعْتَ قولَ أُمَيَّةَ بنِ أبي الصَّلتِ الثَّقَفِيِّ وهو يقولُ فَإِنْ تَسْأَلِينَا مِمَّ نَحْنُ فَإنَّنَا عَصَافِيرُ مِنْ هذا الأَنَامِ المُسَحَّرِ قال صدَقْتَ فأخبِرْني عن قَولِ اللهِ عزَّ وجلَّ { فَنَبَذْنَاهُ فِي الْيَمِّ وَهُوَ مُلَيمٌ } ما المُليمُ قال المُذْنِبُ قال وهل كانتِ العربُ تعرِفُ ذلك قَبلَ أن ينزِلَ الكتابُ على محمَّدٍ صلَّى اللهُ عليه وسلَّم قال نعم أمَا سمِعْتَ قَولَ أُمَيَّةَ بنِ أبي الصَّلْتِ وهو يقولُ بَعِيدٌ مِنَ الْآفَاتِ لَسْتَ لَهَا بِأَهْلٍ ... وَلَكِنَّ الْمُسِيءَ هُوَ الْمُلِيمُ قال صدَقْتَ فأخبِرْني عن قَولِ اللهِ عزَّ وجلَّ { قُلْ أَعُوذُ بِرَبِّ الفَلَقِ } ما الفَلَقُ قال هو الصُّبْحُ قال وهل كانتِ العربُ تعرِفُ ذلك قَبلَ أن ينزِلَ الكتابُ على محمَّدٍ صلَّى اللهُ عليه وسلَّم قال نعم أمَا سمِعْتَ قَولَ لَبيدِ بنِ رَبيعةَ وهو يقولُ الفَارِجُ الهَمِّ مَبذولٌ عَساكِرُه كَمَا يُفَرِّجُ ضَوءَ الظُّلْمةِ الفَلَقُ قال صدَقْتَ فأخبِرْني عن قَولِ اللهِ عزَّ وجلَّ { لَكَيْلَا تَأْسَوا عَلَى مَا فَاتَكُمْ وَلَا تَفْرَحُوا بِمَا آتَاكُمْ } ما الأَساةُ قال لا تحزَنوا قال وهل كانتِ العربُ تعرِفُ ذلك قَبلَ أن ينزِلَ الكتابُ على محمَّدٍ صلَّى اللهُ عليه وسلَّم قال نعم أمَا سمِعْتَ قَولَ لَبيدِ بنِ رَبيعةَ قَلِيلُ الأَسَى فِيمَا أَتَى الدَّهْرُ دُونَه كَرِيمُ الثَّنَاءِ حُلْوُ الشَّمَائِلِ مُعْجِبُ قال صدَقْتَ فأخبِرْني عن قَولِ اللهِ عزَّ وجلَّ { إنَّهُ ظَنَّ أْنْ لَنْ يَحُورَ } ما يَحورُ قال يرجِعُ قال هل كانتِ العربُ تعرِفُ ذلك قَبلَ أن ينزِلَ الكتابُ على محمَّدٍ صلَّى اللهُ عليه وسلَّم قال نعم أمَا سمِعْتَ قَولَ لَبيدِ بنِ رَبيعةَ وَمَا المَرْءُ إلَّا كَشِهَابٍ وَضَوْئِهِ يَحُورُ رَمَادًا بَعْدَ إذ هو سَاطِعُ قال صدَقْتَ فأخبِرْني عن قَولِ اللهِ عزَّ وجلَّ { يَطُوفُونَ بَيْنَها وَبَيْنَ حَمِيمٍ آنٍ } ما الآنُ قال الَّذي انتَهى حَرُّه قال وهل كانتِ العربُ تعرِفُ ذلك قَبلَ أن ينزِلَ الكتابُ على محمَّدٍ صلَّى اللهُ عليه وسلَّم قال نعم أمَا سمِعْتَ قَولَ نابغةَ بني ذُبْيانَ فَإِنْ يَقْبِضْ عَلَيْكَ أَبُو قُبَيْسٍ ... تَحُطَّ بِكَ الْمَنِيَّةُ فِي هَوَانِ
وَتُخْضَبُ لِحْيَةٌ غَدَرَتْ وَخَانَتْ ... بِأَحْمَرَ مِنْ نَجِيعِ الْجَوْفِ آنِ قال صدَقْتَ فأخبِرْني عن قَولِ اللهِ عزَّ وجلَّ { فَأَصْبَحَتْ كَالصَّرِيمِ } ما الصَّريمُ قال اللَّيلُ المُظلِمُ قال وهل كانتِ العربُ تعرِفُ ذلك قَبلَ أن ينزِلَ الكتابُ على محمَّدٍ صلَّى اللهُ عليه وسلَّم قال نعم أمَا سمِعْتَ قَولَ نابِغةَ بني ذبيانَ لَا تَزْجُروا مُكْفَهِرًّا لَا كَفاءَ لَهُ كَاللَّيْلِ يَخْلُطُ أَصْرَامًا بِأَصْرَامِ قال صدَقْتَ فأخبِرْني عن قَولِ اللهِ عزَّ وجلَّ { إلَى غَسَقِ اللَّيْلِ } ما غَسَقُ اللَّيلِ قال إذا أظْلَم قال وهل كانتِ العربُ تعرِفُ ذلك قَبلَ أن ينزِلَ الكتابُ على محمَّدٍ صلَّى اللهُ عليه وسلَّم قال نعم أمَا سمِعْتَ قَولَ النَّابِغةِ يقولُ كَأَنَّمَا جَدُّ مَا قَالُوا وَمَا وَعَدُوا ... آلٌ تَضَمَّنَهُ مِنْ دَامِسٍ غَسَقِ قال أبو خَليفةَ الآلُ السَّرابُ قال صدَقْتَ فأخبِرْني عن قَولِ اللهِ عزَّ وجلَّ { وَكَانَ اللهُ عَلَى كُلِّ شيءٍ مُقِيتًا } ما المُقيتُ قال قادِرٌ قال وهل كانتِ العربُ تعرِفُ ذلك قَبلَ أن ينزِلَ الكتابُ على محمَّدٍ صلَّى اللهُ عليه وسلَّم قال نعم أمَا سمِعْتَ النَّابغةَ يقولُ وذي ضِغْنٍ كَفَفْتُ الضِّغْنَ عَنْهُ وإنِّي فِي مَسَاءَتِه مُقِيتُ قال صدَقْتَ فأخبِرْني عن قَولِ اللهِ عزَّ وجلَّ { واللَّيلِ إِذَا عَسْعَسَ } قال إقبالُ سَوادِه قال وهل كانتِ العربُ تعرِفُ ذلك قَبلَ أن ينزِلَ الكتابُ على محمَّدٍ صلَّى اللهُ عليه وسلَّم قال نعم أمَا سمِعْتَ قَولَ امرِئِ القَيسِ عَسْعَسَ حتَّى لَوْ يَشَاءُ أَدْنى كَأَنْ له مِن ضَوءِ نُورِهِ مَقْبِسُ قال صدَقْتَ فأخبِرْني عن قَولِ اللهِ عزَّ وجلَّ { وَأَنَا بِهِ زَعِيمٌ } قال الزَّعيمُ الكَفيلُ قال وهل كانتِ العربُ تعرِفُ ذلك قَبلَ أن ينزِلَ الكتابُ على محمَّدٍ صلَّى اللهُ عليه وسلَّم قال نعم أمَا سمِعْتَ قَولَ امرِئِ القَيسِ وإنِّي زَعِيمٌ إنْ رَجَعْتُ مُمَلَّكًا بِسَيرٍ يُرَى مِنْهُ الغَرَانِقُ أَزْوَرَا قال صدَقْتَ فأخبِرْني عن قَولِ اللهِ عزَّ وجلَّ { وَفُوِمِها } ما الفُومُ قال الحِنْطةُ قال وهل كانتِ العربُ تعرِفُ ذلك قَبلَ أن ينزِلَ الكتابُ على محمَّدٍ صلَّى اللهُ عليه وسلَّم قال نعم أمَا سمِعْتَ قَولَ أبي ذُؤَيبٍ الهُذَلِيِّ قَدْ كُنْتُ أَحْسَبُنِي كَأَغْنَى وَافِدٍ قَدِمَ المَدِينَةَ عَنْ زِرَاعَةِ فُومِ قال صدَقْتَ فأخبِرْني عن قَولِ اللهِ عزَّ وجلَّ { وَالأَزْلَامَ } ما الأزْلامُ قال القِداحُ قال وهل كانتِ العربُ تعرِفُ ذلك قَبلَ أن ينزِلَ الكتابُ على محمَّدٍ صلَّى اللهُ عليه وسلَّم قال نعم أمَا سمِعْتَ قَولَ الحُطَيئةِ لا يَزْجُرُ الطَّيْرَ إنْ مَرَّتْ بِهِ سُنُحًا وَلَا يُقَامُ لَهُ قِدْحٌ بِأَزْلَامِ قال صدَقْتَ فأخبِرْني عن قولِه تعالى { وَأَصْحَابُ المَشْأَمَةِ مَا أَصْحَابُ المَشْأَمَةِ } قال أصحابُ الشِّمالِ قال وهل كانتِ العربُ تعرِفُ ذلك قَبلَ أن ينزِلَ الكتابُ على محمَّدٍ صلَّى اللهُ عليه وسلَّم قال نعم أمَا سمِعْتَ زُهَيرَ بنَ أبي سُلْمى حيثُ يقولُ نَزَلَ الشَّيْبُ بالشِّمَالِ قَرِيبًا والمُرُورَاتِ دَانِيًا وَحَقِيرَا قال صدَقْتَ فأخبِرْني عن قَولِ اللهِ عزَّ وجلَّ { وَإِذَا البِحَارُ سُجِّرَتْ } قال اختَلط ماؤها بماءِ الأرضِ قال وهل كانتِ العربُ تعرِفُ ذلك قَبلَ أن ينزِلَ الكتابُ على محمَّدٍ صلَّى اللهُ عليه وسلَّم قال نعم أمَا سمِعْتَ قَولَ زُهَيرِ بنِ أبي سُلْمى لَقَدْ عَرَفَتْ رَبِيعَةُ فِي جُذَامٍ وكَعْبٍ حالَها وابْنَا ضِرَارِ لَقَدْ نَازَعْتُمُ حَسَبًا قَدِيمًا وَقَدْ سَجَرَتْ بِحَارُهُمْ بِحَارِي قال صدَقْتَ فأخبِرْني عن قَولِ اللهِ عزَّ وجلَّ { والسَّمَاءِ ذَاتِ الحُبُكِ } ما الحُبُكُ قال الطَّرَائِقُ قال وهل كانتِ العربُ تعرِفُ ذلك قَبلَ أن ينزِلَ الكتابُ على محمَّدٍ صلَّى اللهُ عليه وسلَّم قال نعم أمَا سمِعْتَ قَولَ زُهَيرِ بنِ أبي سُلْمى مُكَلَّلٌ بِأُصُولِ النَّجْمِ تَنْسِجُهُ ... رِيحُ الشِّمَالِ لِضَاحِي مَائِهِ حُبُكُ قال صدَقْتَ فأخبِرْني عن قَولِ اللهِ عزَّ وجلَّ { وَأَنَّهُ تَعَالَى جَدُّ رَبِّنَا مَا اتَّخَذَ } قال ارتفَعَتْ عَظَمةُ رَبِّنا قال وهل كانتِ العربُ تعرِفُ ذلك قَبلَ أن ينزِلَ الكتابُ على محمَّدٍ صلَّى اللهُ عليه وسلَّم قال نعم أمَا سمِعْتَ قَولَ طَرَفَةَ بنِ العَبْدِ للنُّعْمانِ بنِ المُنْذِرِ إِلَى مَلِكٍ يَضْرِبُ الدَّارِعِينَ ... لَمْ يَنْقُصِ الشَّيْبُ مِنْهُ قَبَالَا
أتَرْفَعُ جَدَّكَ أنِّي امْرُؤٌ ... سَقَتْنِي الْأَعَادِي سِجَالًا سِجَالَا قال صدَقْتَ فأخبِرْني عن قَولِ اللهِ عزَّ وجلَّ { حَتَّى تَكُونَ حَرَضًا } قال الحَرَضُ الباكي قال وهل كانتِ العربُ تعرِفُ ذلك قَبلَ أن ينزِلَ الكتابُ على محمَّدٍ صلَّى اللهُ عليه وسلَّم قال نعم أمَا سمِعْتَ قَولَ طَرَفَةَ بنِ العَبْدِ أَمِنْ ذِكْرِ لَيْلَى إنْ نَأَتْ غُرْبَةٌ بِهَا أَعُدْ حَرِيضًا لِلْكِرَامِ مُحَرَّمَا قال صدَقْتَ فأخبِرْني عن قَولِ اللهِ عزَّ وجلَّ { وَأَنْتُمْ سَامِدُونَ } قال لاهُونَ قال وهل كانتِ العربُ تعرِفُ ذلك قَبلَ أن ينزِلَ الكتابُ على محمَّدٍ صلَّى اللهُ عليه وسلَّم قال نعم أمَا سمِعْتَ قَولَ هُزَيْلَةَ بنتِ بَكْرٍ وهي تبكي عادًا نُعِيَتْ عادٌ لِصَمَا وَأَتَى سَعْدٌ شَرِيدَا قِيلَ قُمْ فَانْظُرْ إِلَيْهِمْ ثُمَّ دَعْ عَنْكَ السُّمُودَا قال صدَقْتَ فأخبِرْني عن قَولِ اللهِ عزَّ وجلَّ { إِذَا اتَّسَقَ } ما اتِّساقُه قال اجتمَع قال فهل كانتِ العربُ تعرِفُ ذلك قَبلَ أن ينزِلَ الكتابُ على محمَّدٍ صلَّى اللهُ عليه وسلَّم قال نعم أمَا سمِعْتَ قَولَ أبي صِرْمَةَ الأنصاريِّ إِنَّ لَنَا قَلَائِصًا نَقَانِقَا مُسْتَوْسِقَاتٍ لَوْ تَجِدْنَ سَائِقَا قال صدَقْتَ فأخبِرْني عن قَولِ اللهِ عزَّ وجلَّ الأحَدُ الصَّمَدُ أمَّا الأحَدُ فقد عرَفْنَاه فما { الصَّمَدُ } قال الَّذي يُصْمَدُ إليه في الأمورِ كُلِّها قال فهل كانتِ العربُ تعرِفُ ذلك قَبلَ أن ينزِلَ الكتابُ على محمَّدٍ صلَّى اللهُ عليه وسلَّم قال نعم أمَا سمِعْتَ بقولِ الأسَدِيَّةِ أَلَا بَكَّرَ النَّاعِي بِخَبَرِ بَنِي أَسَدْ ... بِعَمْرِو بْنِ مَسْعُودٍ وَبِالسَّيِّدِ الصَّمَدْ قال صدَقْتَ فأخبِرْني عن قولِه تعالى { يَلْقَ أَثَامًا } ما الأثامُ قال الجزاءُ قال وهل كانتِ العربُ تعرِفُ ذلك قَبلَ أن ينزِلَ الكتابُ على محمَّدٍ صلَّى اللهُ عليه وسلَّم قال نعم أمَا سمِعْتَ قَولَ بِشْرِ بنِ أبي حازمٍ الأسَدِيِّ وَإِنَّ مَقَامَنَا يَدْعُو عَلَيْهِمْ ... بِأَبْطَحِ ذِي الْمَجَازِ لَهُ أَثَامُ قال صدَقْتَ فأخبِرْني عن قَولِ اللهِ عزَّ وجلَّ { وَهُوَ كَظِيمٌ } قال السَّاكِتُ قال وهل كانتِ العربُ تعرِفُ ذلك قَبلَ أن ينزِلَ الكتابُ على محمَّدٍ صلَّى اللهُ عليه وسلَّم قال نعم أمَا سمِعْتَ قَولَ زُهَيرِ بنِ خُزَيْمَةَ العَبْسِيِّ فَإِنْ تَكُ كَاظِمًا بمُصَابِ شَاسٍ فإنِّي اليَوْمَ مُنْطَلِقُ اللِّسَانِ قال صدَقْتَ فأخبِرْني عن قَولِ اللهِ عزَّ وجلَّ { أَوْ تَسْمَعُ لَهُمْ رِكْزًا } ما رِكْزًا قال صَوتًا قال وهل كانتِ العربُ تعرِفُ ذلك قَبلَ أن ينزِلَ الكتابُ على محمَّدٍ صلَّى اللهُ عليه وسلَّم قال نعم أمَا سمِعْتَ قَولَ خِرَاشِ بنِ زُهَيرِ فَإِنْ سَمِعْتُمْ بِخَيْلٍ هَابِطٍ شَرَفًا أو بَطْنِ قُفٍّ فأخْفُوا الرِّكْزَ واكتَتِمُوا قال صدَقْتَ فأخبِرْني عن قَولِ اللهِ عزَّ وجلَّ { إذ تَحُسُّونَهُمْ بِإِذْنِهِ } قال إذ تقتُلونهم بإذنِه قال وهل كانتِ العربُ تعرِفُ ذلك قَبلَ أن ينزِلَ الكتابُ على محمَّدٍ صلَّى اللهُ عليه وسلَّم قال نعم أمَا سمِعْتَ قَولَ عُتْبَةَ اللَّيْثِيِّ نَحُسُّهُمْ بِالْبِيْضِ حَتَّى كَأَنَّمَا نُفَلِّقُ مِنْهُمْ بِالْجَمَاجِمِ حَنْظَلَا قال صدَقْتَ فأخبِرْني عن قَولِ اللهِ عزَّ وجلَّ { يَا أيُّهَا النَّبِيُّ إِذَا طَلَّقْتُمُ النِّسَاءَ } هل كان الطَّلاقُ يُعرَفُ في الجاهليَّةِ قال نعم طَلاقًا بائنًا ثلاثًا أمَا سمِعْتَ قَولَ أَعْشَى بنِ قَيْسِ بنِ ثَعْلَبَةَ حينَ أخذَه أَخْتانُه غَيرةً فقالوا إنَّك قد أضْرَرْتَ بصاحبتِنا وإنا نُقْسِمُ باللهِ أن لا نضَعَ العَصا عنك أو تُطَلِّقَها فلمَّا رأى الجِدَّ منهم وأنَّهم فاعلون به شرًّا قال أَجَارَتَنَا بِينِي فَإِنَّكِ طَالِقَةْ كَذَاكِ أُمُورُ النَّاسِ غَادٍ وَطَارِقَهْ فقالوا واللهِ لتَبِينَنَّ لها الطَّلاقَ أو لا نضَعَ العَصا عنك فقال فبِينِي حَصَانَ الفَرْجِ غَيرَ دَمِيمَةٍ ومَوْمُوقةً مِنَّا كَمَا أَنْتِ وَامِقَةْ فقالوا واللهِ لتَبِينَنَّ لها الطَّلاقَ أو لا نضَعَ العَصا عنك فقال فَبِينِي فَإِنَّ البَينَ خيرٌ مِنَ العَصَا وَأَنْ لَا تَزَالَ فَوْقَ رَأْسِكِ وَبَارِقَةْ فأبانَها بثلاثِ تطليقاتٍ  .",الضحاك بن مزاحم,الهيثمي,مجمع الزوائد,9/281,فيه جويبر وهو ضعيف,مجمع الزوائد,التفسير
عن النبيِّ صلى اللهُ عليهِ وسلَّمَ منتفسيرِأ ، ب ، ت ، ث ، وتفسيرِ أبجد هوز حطي ، ويروونه عن المسيحِ أنه قالَه لمعلمِه في الكتابِ  .,-,ابن تيمية,مجموع الفتاوى,12/59,من الأحاديث الواهية بل المكذوبة,مجموع الفتاوى,التفسير
جاءَ رجلٌ إلى النَّبيِّ صلَّى اللَّهُ عليهِ وسلَّمَ فقال يا رسولَ اللَّهِ ماتفسيرُحُسنِ الخُلُقِ فسَكتَ رسولُ اللَّهِ صلَّى اللَّهُ عليهِ وسلَّمَ ثمَّ قال يا رسولَ اللَّهِ ماتفسيرُحُسنِ الخُلُقِ فسَكتَ رسولُ اللَّهِ صلَّى اللَّهُ عليهِ وسلَّمَ ثمَّ قال يا رسولَ اللَّهِ ماتفسيرُحُسنِ الخُلُقِ فقال رسولُ اللَّهِ صلَّى اللَّهُ عليهِ وسلَّمَ إنَّماتفسيرُحُسنِ الخُلُقِ ما أصابَ منَ الدُّنيا يرضَى وإن لم يصبهُ لم يسخَطْ  .,أبو هريرة,أبو نعيم,حلية الأولياء,8/44,غريب من حديث محمد بن زياد وإبراهيم,حلية الأولياء,التفسير
أُنزلَ القرآنُ على أربعةِ أحرفٍ : حلالٌ ، وحرامٌ ؛ لا يعذرُ أحدٌ بالجهالةِ به ،وتفسيرٌتُفسِّرُه العربُ ،وتفسيرٌتُفسِّرُه العلماءُ ، ومتشابهٌ لا يعلمُه إلا اللهُ ، ومن ادَّعى علمَه سوى اللهُ ؛ فهو كاذبٌ  .,عبدالله بن عباس,الألباني,السلسلة الضعيفة,6163/م,ضعيف جدا,السلسلة الضعيفة,التفسير
أُنزل القرآنُ على أربعةِ أحرفٍ : حلالٌ وحرامٌ لا يُعذرُ أحدٌ بالجهالةِ به ،وتفسيرٌتُفسِّرهُ العربُ ،وتفسيرٌتفسِّره العلماءُ ، ومتشابهٌ لا يعلمه إلا اللهُ تعالى ذكره ، ومن ادَّعى علمَه سوى اللهِ فهو كاذبٌ  .,عبدالله بن عباس,ابن جرير الطبري,تفسير الطبري,1/42,في إسناده نظر,تفسير الطبري,التفسير
أُنزِلَ القرآنُ على أربعةِ أحرُفٍ: حلالٍ وحرامٍ لا يُعذَرُ أحدٌ بجَهالَتِه،وتفسيرٍتُفسِّرُه العربُ،وتفسيرٍتُفسِّرُه العُلماءُ، ومُتشابِهٍ لا يَعلَمُه إلَّا اللهُ، ومَنِ ادَّعَى عِلمَه سِوَى اللهِ فهو كاذبٌ.  .,عبدالله بن عباس,شعيب الأرناؤوط,تخريج أقاويل الثقات,57,من طريق محمد بن السائب الكلبي وهو (متروك) عن أبي صالح مولى أم هانئ وهو (ضعيف),تخريج أقاويل الثقات,التفسير
تعلّمُوا أبا جادٍ وتفسيرهَا ، ويلٌ لعالمٍ جهلَتفسِيرأبي جادٍ ، قال : قالوا : يا رسولَ اللهِ وما تفْسيرُها ؟ قال : أما الألفُ فآلاءُ اللهِ وحرف مِنْ أسمائهِ وأما الباءُ فبهاءُ اللهِ وأما الجيمُ فجلالُ اللهِ ، وأما الدالُ فدينُ اللهِ وأما الهاءُ فالهاويةُ ، وأما الواو فويلٌ لمن سهَا وأما الزاي فالزاوِيةُ ، وأما الحاء فحطوطُ الخطايا عن المستغفرينَ بالأسحارِ  .,قرة بن إياس المزني,ابن تيمية,مجموع الفتاوى,12/60,فيه فرات بن أبي الفرات ضعيف,مجموع الفتاوى,التفسير
إنَّ السَّعيدَ لَمَنْ جُنِّبَالفِتَنَ، إنَّ السَّعيدَ لَمَنْ جُنِّبَالفِتَنَ، إنَّ السَّعيدَ لَمَنْ جُنِّبَالفِتَنَ، ولَمَنِ ابتُلِيَ فصبَرَ فواهًا.  .,المقداد بن عمرو بن الأسود,أبو داود,سنن أبي داود,4263,سكت عنه [وقد قال في رسالته لأهل مكة كل ما سكت عنه فهو صالح],سنن أبي داود,الفتن
"""إنَّ السَّعيدَ لَمَن جُنِّبَالفِتَنَ، إنَّ السَّعيدَ لَمَن جُنِّبَالفِتَنَ، إنَّ السَّعيدَ لَمَن جُنِّبَالفِتَنَ، ولَمَن ابْتُلِيَ فصَبَرَ، فواهًا!"".  .",المقدام,عبد الحق الإشبيلي,الأحكام الوسطى,4/ 371,سكت عنه [وقالَ في المقدمة: وإن لم تكن فيه علة كانَ سكوتي عنه دليلا على صحته],الأحكام الوسطى,الفتن
إنَّ السَّعيدَ لمن جُنِّبالفِتنَوإنَّ السَّعيدَ لمن جُنِّبالفِتنَوإنَّ السَّعيد لمن جُنِّبالفِتنَولمن ابتُلي فصبَر فواهًا  .,المقداد بن عمرو بن الأسود,المنذري,الترغيب والترهيب,3/381,[لا ينزل عن درجة الحسن وقد يكون على شرط الصحيحين أو أحدهما],الترغيب والترهيب,الفتن
إنَّ السَّعيدَ لمن جُنِّبَالفِتَنَإنَّ السَّعيدَ لمن جُنِّبَالفتَنَإنَّ السَّعيدَ لمن جُنِّبَالفتَنَولمن ابتُليَ فصبرَ فواهًا  .,المقداد بن عمرو بن الأسود,ابن حجر العسقلاني,هداية الرواة,5/98,[حسن كما قال في المقدمة],هداية الرواة,الفتن
إنَّ السعيدَ لمن جُنِّبَالفِتَنَ، إنَّ السَّعيدَ لَمَن جُنِّبَالفِتَنَ، إنَّ السَّعيدَ لمن جُنِّبالفتنَ، ولمن ابتُلِيَ فصبرَ فواهًا .  .,المقداد بن عمرو بن الأسود,الألباني,صحيح الترغيب,2743,صحيح,صحيح الترغيب,الفتن
إنَّ السعيدَ لَمَنْ جُنِّبَالفِتَنَ، إنَّ السعيدَ لَمَنْ جُنِّبَالفِتَنَ، إنَّ السعيدَ لَمَنْ جُنِّبَالفِتَنَ، ولَمَن ابتُلِيَ فصَبَر ؛ فَوَاهًا .  .,المقداد بن عمرو بن الأسود,الألباني,هداية الرواة,5332,إسناده صحيح,هداية الرواة,الفتن
إنَّ السَّعيدَ لمن جُنِّبَالفتنَإنَّ السَّعيدَ لمن جُنِّبَالفتنَإنَّ السَّعيدَ لمن جُنِّبَالفتنَولمنِ ابتُلِيَ فصبرَ فواهًا  .,المقداد بن عمرو بن الأسود,الألباني,صحيح أبي داود,4263,صحيح,صحيح أبي داود,الفتن
إنَّ السعيدَ لمن جُنِّبَالفِتنَإنَّ السعيدَ لمَن جُنِّبَالفِتنَإنَّ السَّعيدَ لمَن جُنِّبَالفِتَنَولمَن ابتُلِيَ فصبرَ فواهًا  .,المقداد بن الأسود وعبدالله,الألباني,السلسلة الصحيحة,2/667,إسناده صحيح على شرط مسلم,السلسلة الصحيحة,الفتن
إنَّ السَّعيدَ لمن جُنِّبَالفِتَنَ، إنَّ السَّعيدَ لمن جُنِّبَالفتنِ، إنَّ السَّعيدَ لمن جُنِّبَالفتنُ، ولمن ابتُلِيَ فصبرَ فواهًا .  .,المقداد بن عمرو بن الأسود,الوادعي,الصحيح المسند,1140,حديث حسنٌ على شرط مسلم، إلا إبراهيم بن الحسن، وقد قال فيه أبو حاتم: صدوق، ووثَّقه النسائي، وقال في موضع آخر: ليس به بأس.,الصحيح المسند,الفتن
إنَّ السعيدَ لمن جُنِّبَالفِتَنَ، إنَّ السعيدَ لمن جُنِّبَالفِتَنَ، إنَّ السعيدَ لمن جُنِّبَالفِتَنَ، ولمن ابتُلِيَ فصبَرَ فواهًا.  .,المقداد بن عمرو بن الأسود,شعيب الأرناؤوط,تخريج سنن أبي داود,4263,إسناده صحيح,تخريج سنن أبي داود,الفتن
قال رسولُ اللهِ صلَّى اللهُ عليهِ وسلَّمَ وأشار بيدِهِ نحوَ المشرقِ قال ها إنَّالفتنَمن هاهنا إنَّالفتنَمن هاهنا إنَّالفتنَمن هاهنا من حيث يطلُعُ قرنُ الشيطانِ  .,عبدالله بن عمر,أحمد شاكر,تخريج المسند لشاكر,7/119,إسناده صحيح,تخريج المسند لشاكر,الفتن
رأيت رسولَ اللهِ صلَّى اللهُ عليهِ وسلمَ  يشيرُ إلى المشرقِ ويقولُ ها إنالفتنَهاهنا إنالفتنَهاهنا حيث يطلعُ قرنُ الشيطانِ  .,عبدالله بن عمر,أحمد شاكر,تخريج المسند لشاكر,7/219,إسناده صحيح,تخريج المسند لشاكر,الفتن
رأيْتُ رسولَ اللهِ صلَّى اللهُ عليه وسلَّمَ يُشيرُ إلى المَشرقِ، ويقولُ: ها، إنَّالفِتنَهاهُنا، إنَّالفِتنَهاهُنا؛ حيث يَطْلُعُ قَرْنُ الشَّيطانِ.  .,عبدالله بن عمر,شعيب الأرناؤوط,تخريج المسند لشعيب,5428,إسناده صحيح على شرط الشيخين,تخريج المسند لشعيب,الفتن
بَيْنَا أنا نائمٌ رأيتُ عمودَ الكتابِ احتُمِل من تحتِ رأسي فأتبَعْتُه بصري فإذا هو قد عُمِد به إلى الشَّامِ ألا وإنَّ الإيمانَ إذا كانتِالفتنُبالشَّامِ ثلاثَ مرَّاتٍ وفي روايةٍ إذا وقَعتِالفتنُفالأمنُ بالشَّامِ  .,عبدالله بن عمرو,الهيثمي,مجمع الزوائد,10/61,[روي] بأسانيد وفي أحدها ابن لهعية وهو حسن الحديث وقد توبع على هذا وبقية رجاله رجال الصحيح‏‏,مجمع الزوائد,الفتن
تُرسَلُ عليهِمالفِتَنُكقَطرِ المطَرِ  .,جرير بن عبدالله,ابن عدي,الكامل في الضعفاء,9/22,[فيه] يحيى بن سلمة مع ضعفه يكتب حديثه,الكامل في الضعفاء,الفتن
مدينةُالعِلمِ[يعني حديث: أنا مدينةُالعِلمِوعليٌّ بابُها، فمن أراد مدينةَالعلمِفليأْتِها من بابِها]  .,[عبدالله بن عباس],ابن تيمية,الفتاوى الكبرى,4/438,موضوع مكذوب,الفتاوى الكبرى,العلم
اطلُبواالعِلمَولو بالصِّينِ، فإنَّ طَلَبَالعِلمِفَريضةٌ على كُلِّ مُسلِمٍ، إنَّ الملائِكةَ تَضَعُ أجنِحتَها لطالِبِالعِلمِرِضًا بما يطلُبُ.  .,أنس بن مالك,المزي,فيض القدير,1110,له طرق ربما يصل بمجموعها إلى الحسن.,فيض القدير,العلم
"اطلُبُواالعلمَولو بالصينِ , فإنَّ طلبَالعلمِفريضةٌ على كلِّ مسلمٍ , وإنَّ الملائكةَ لَتَضَعُ أَجْنِحَتَها لطالبِالعلمِرِضًا بما يَطْلُبُ  .",أنس بن مالك,العجلوني,كشف الخفاء,1/154,فيه كذاب,كشف الخفاء,العلم
اطلُبُواالعِلْمَولو بالصينِ ، فإِنَّ طلَبَالعِلْمِفريضَةٌ على كُلِّ مسلِمٍ ، إِنَّ الملائِكَةَ تَضَعُ أجنِحَتَها لطالِبِالعلمِرضًا بِما يطلبُهُ .  .,أنس بن مالك,الألباني,ضعيف الجامع,907,موضوع,ضعيف الجامع,العلم
"قيلَ يا رسولَ اللهِ أيُّ الأعمالِ أفضلُ ؟ فقال :العلمُباللهِ عزَّ وجلَّ , فقيل : أيُّالعلمِتريدُ ؟ قال صلَّى اللهُ عليهِ وسلَّمَ :العلمُباللهِ سبحانَه , فقيل له : نسألُ عن العملِ وتجيبُ عنالعلمِ؟ فقال صلَّى اللهُ عليهِ وسلَّمَ : إنَّ قليلَ العملِ ينفعُ منالعلمِباللهِ , وإنَّ كثيرَ العملِ لا ينفعُ مع الجهلِ باللهِ .  .",أنس بن مالك,العراقي,تخريج الإحياء للعراقي,1/22,إسناده ضعيف,تخريج الإحياء للعراقي,العلم
قيلَ يا رسولَ اللهِ أيُّ الأعمالِ أفضلُ قالالعلمُباللهِ عزَّ وجلَّ فقيلَ الأعمالُ تزيدُ قالالعلمُباللهِ فقيلَ نسألُ عَنِ العملِ وتُجيبُ عنِالعلمِفقال إنَّ قليلَ العملِ ينفعُ معَالعلمِوإنَّ كثيرَ العملِ لا يَنفعُ معَ الجهلِ  .,أنس بن مالك,محمد بن محمد الغزي,إتقان ما يحسن,1/378,إسناده ضعيف,إتقان ما يحسن,العلم
حَديثُ: اطْلُبواالعِلْمَواطْلُبوا معالعِلمِالسَّكينةَ ... الحديث.  .,أبو هريرة,الدارقطني,أطراف الغرائب,2/303,تَفَرَّدَ بهِ عباد بن كثير عن العلاء.,أطراف الغرائب,العلم
وقِّروا من تعلَمون منهالعلمَ، ووقِّروا من تُعلِّمونالعلمَ.,عبدالله بن عمر,الألباني,السلسلة الضعيفة,4751,موضوع,السلسلة الضعيفة,العلم
وَقِّرُوا مَنْ تَعَلَّمونَ منهالعِلْمَ، ووَقِّرُوا مَنْ تُعَلِّمونَهُالعِلْمَ.,عبدالله بن عمر,الألباني,ضعيف الجامع,6126,موضوع,ضعيف الجامع,العلم
أنا مَدينةُالعلمِوعَليٌّ بابُها، فمَن أرادَالعِلمَفليَأتِ البابَ  .,جابر,يحيى بن معين,فيض القدير,3/ 47,لا أصل له,فيض القدير,العلم
أنا مَدينةُالعلمِوعَليٌّ بابُها، فمَن أرادالعِلمَفليأتِ البابَ  .,عبدالله بن عباس,يحيى بن معين,فيض القدير,3/ 47,صحيح,فيض القدير,العلم
علِيٌّ مَدينةُالعِلمِ[يعني حديث: أنا مدينةُالعلمِوعليٌّ بابُها]  .,عبدالله بن عباس,الإمام أحمد,العلل ومعرفة الرجال رواية عبدالله,9/3,ليس له أصل كذب,العلل ومعرفة الرجال رواية عبدالله,العلم
أنا مَدينةُالعلمِوعَليٌّ بابُها، فمَن أرادالعِلمَفليأتِ البابَ  .,جابر,البخاري,فيض القدير,3/ 47,منكر,فيض القدير,العلم
